RPG Life Sciences,Sun Pharma (Peer),Nifty Pharma Index
100.0,100.0,100.0
101.89892253995313,100.149686402991,100.08512504595592
99.19962803595233,102.37164878150476,100.80588158304553
92.93786671497732,101.30096576738343,99.25749649842926
94.91525565721503,102.78609949654536,99.86827431587017
95.00941952874082,101.3354921268103,99.36685023556076
96.64155839531861,101.2779307719613,99.82664319887654
95.19773679983162,102.14138096178908,100.14166472649035
95.6214532777761,102.37164878150476,100.38958254869206
95.33897213515951,102.69399684872302,100.86863468200313
98.71312168104292,103.39628420510152,101.48003748196122
97.48901229512917,103.39628420510152,101.93858048024262
100.75330050024556,104.67420004351635,103.70567910691332
106.057746580643,103.48839431969708,102.7618584213148
106.08913104716467,103.01635238271454,102.82213586136942
103.87634289807326,102.76307943466969,102.60404730183214
103.1230319258669,103.58048950074617,103.14523361937509
103.40552354044428,103.1084624973101,103.06880371853676
103.10733445662565,103.24661273565697,104.5886034377315
103.48398994272885,104.28278432389789,104.63707295566549
102.76207390900494,103.63805832236838,104.54449059404345
101.55365152037163,101.79599789914869,102.36047401829353
97.95983165275815,100.0,101.13705557144306
89.68926550714136,96.14322495610658,99.01144148819624
91.68236239058109,98.0082979744287,100.93573838741526
89.61079910485678,98.1464556795488,100.97550669244022
89.73633697094346,99.15956987204788,102.24677574249894
88.90459101233492,99.19411863179445,103.66280409267678
88.33961825514095,96.7764297265384,102.66120589709232
88.6064019285163,96.373485309049,103.44907220738546
89.75203444018469,95.46397259515021,102.70842544999196
91.44696318372742,96.46559542364456,103.5863863274213
91.05462070034379,96.373485309049,103.53667898003582
88.33961825514095,94.71526430958555,101.96032744472379
86.26806020539703,94.77323633696233,101.87893409049661
88.6064019285163,93.59046958984865,104.12012139708955
87.00565800042096,93.91515475708869,103.94240792172016
87.68048162642118,92.26853712322848,100.85061334145932
85.34211372339992,90.19285629911177,98.64982539019994
82.6898959191816,86.89963596493783,97.41646183319752
79.67671486212092,90.1001189755647,97.98747134561346
74.98430253075877,86.48217614028454,94.15503607575056
73.14815415982935,85.69365501984444,93.63745953465742
73.61895780951713,91.2712748903019,98.42800513893391
72.44193035936628,94.03112121216193,100.49023507291453
75.39233201142281,93.90355139148546,101.22901295054791
72.04959311196306,92.97587948508534,99.64210345814962
64.7520449121455,91.22490622852835,96.38814108416021
68.7539256763054,89.50872066846138,94.73039619462101
57.10923092872678,82.28447569737048,86.27393372066473
57.815433785268254,89.1028567426381,90.31825019943314
53.923414361875366,85.47333294207442,86.48270822035865
52.824853314009076,85.8444091714077,86.72813824807449
50.56497275719397,84.12821614456747,83.33126118256037
50.48650111892902,83.58320143278418,82.70681263103017
52.85624825249155,84.70800361929433,86.3901258587366
47.08098281446513,75.25736100638962,79.93314021980332
48.69334014708916,77.7272799904067,82.15443730609235
49.967102335142535,80.62625469790706,83.20450501961079
52.22441726156131,78.45782908347002,84.19181963417164
53.32082632148292,78.44624065141325,84.66465834905954
51.33761496903965,77.1591033480563,85.69546689258267
54.755825289994775,81.70467328909719,89.18119462799008
55.52975031703862,79.67539846062016,87.3196568955201
57.70644161724774,87.18954090246109,91.48140334181186
67.41286543216212,96.79093766692904,100.96618656480545
72.41118991843389,101.27855798091284,104.53703934616878
76.65169525337433,105.39510206556335,109.36175875177278
76.10349857738412,107.2272391471571,112.39265697725325
77.34502283411054,104.17751775486673,112.32369045987245
77.61912117210564,107.54032841556716,114.31819777371518
76.2808569414963,106.00966977000697,113.80186512986499
76.90968247967655,109.78993278858742,113.69561810194509
75.47467827518429,109.73196822798388,116.58423875400088
73.84618365096536,110.01025486635744,116.5264491084321
74.36214763160899,110.729215527364,116.67433332113708
80.9728399224656,112.60772873750453,118.28422760746801
81.74676494950944,113.6165794024879,119.3231063135916
79.8441772232758,109.91748767571745,116.64077843453529
82.03699010713864,110.77558418913756,116.63145830690051
79.15086535048081,107.71426689801717,115.90634509556499
80.40850595488051,107.94619234139043,116.37235147730394
81.34367823434363,105.8241279219537,114.09700250496633
80.13440238090502,105.38349869996011,114.66429246123637
78.98962333404194,104.87327915144004,113.68194130006437
79.328223714593,108.76950115832054,116.10828119431854
77.31276919484235,107.57512357883039,115.66029615312338
75.4424298718965,107.5866970773407,114.90661577974062
76.76456728287174,104.90806684793006,113.67759676140128
76.61945732204735,105.74297903046339,113.98143534941165
76.2808569414963,104.03836696890671,112.9972274440624
71.83074483915591,102.20622988731296,112.99288290539931
71.33090767814639,102.43813293036652,112.89283716031973
76.24861377418893,105.69658050159691,117.51810826165602
81.73064336585576,108.17810285121723,118.31031911061226
79.4572120917637,108.86224594864085,119.30571602335638
77.74810954927634,106.4850941552638,117.84990723257074
76.47434212524256,104.57177084831355,117.60385829012914
78.00608106763734,106.47351318998024,117.61379733248967
81.1179446473096,109.98707053547068,121.39279356323831
84.39103977145993,107.93458897578721,121.80909259759179
88.26070155854192,109.72035739560741,122.2005379582525
85.74542034974255,110.42770722423751,122.5789375673411
88.32520883707828,114.76458085343127,125.23579285797892
90.7921200589362,114.62542260069803,125.27866787221546
88.45419197826858,113.40785322354787,123.51156924554476
87.80925009241506,116.13289691537145,125.78506147370514
89.14751955900478,115.76182068603818,126.12307386304302
86.48712315340062,109.84791974951067,123.44074598398673
84.31042661721109,111.34378323180762,124.05462444284781
84.34265931255767,112.66570076488132,124.13229217313764
84.2942945615966,112.10911255458771,123.35375812606213
85.55193516599628,112.63094293548423,123.98503901074127
87.14817615094704,112.30624283469774,123.96142316650001
86.11626913358138,113.19911957783462,124.29509101717483
88.13171841735162,114.38192365881446,126.9817634348942
91.21134406569689,116.06332152239143,128.7519687707765
87.56738968574693,112.34102306441451,125.6415339352461
87.66412965962986,113.09477142191106,126.66861685483191
86.777337839069,111.30900300209086,125.98140306876124
85.29395841165487,111.78441992057444,125.95718044537712
85.6970503628011,109.68558463266388,124.08383479078648
85.3907036215182,108.57236341143728,122.81255967293635
86.08403120225441,109.69716559794742,123.56812106166204
86.48712315340062,110.59004980785751,123.81355108937791
85.37457680188412,111.36698996301408,123.04121832514272
85.61643720855224,111.14666041847083,122.75229436846458
88.06723208273687,111.90038637564767,123.6283863661338
87.1965513738689,111.77282402174444,124.11365191786807
87.64800807597616,114.54425130888801,125.16620742587237
90.09880295016079,115.88936810639494,125.5930644173121
96.49988323763706,114.1268064177812,126.19514708963541
92.82369092636013,114.82256034758127,126.88732432909492
93.16230177887198,115.88936810639494,129.0191457629735
97.19318987445166,116.7938556819083,130.13570433496974
102.30437591826006,112.20187974522773,128.05357811289383
99.12804171191426,110.68281699849753,126.17961354357745
96.25803330292973,109.99865896752745,126.44555270632296
97.72528067472938,110.3929195277475,128.27167880801395
100.70813493330932,112.61933956988102,127.22533671843281
99.9019615029777,110.27696053944749,125.0394512629228
100.38566137239235,111.92357070653445,125.85962249478338
100.49852816590936,114.33553259672122,129.7504723927322
102.15927642939646,118.2665423000917,133.78794440276883
105.33561063574226,123.31074335759587,138.54556617075212
118.49250888284075,120.4581746457352,138.29081601540153
114.78407340425643,122.67296145517254,140.63389367566842
120.24997617628918,122.64976219073931,139.97278352832484
121.6043672265326,123.43829077795266,141.71130285736547
117.63794452164606,121.97720752537246,140.8333419799361
130.21438198152538,126.12856917360591,148.39383437150212
125.53851534822935,125.47918390557938,146.2918300647051
121.81397399393255,123.41509151351941,144.03014575866538
121.8945766762206,120.78284487942878,142.63461440793435
120.47570976332322,123.22957206578586,144.65335648074407
117.54120454776313,122.53381813598577,144.09351777234872
119.6534095133575,121.98881089097571,143.92389873074544
120.92716646543049,122.08178715126623,143.37960570399093
121.12065688515715,121.36143767043843,143.41688621453002
123.42633132655658,123.69664113179557,144.33647214116158
126.1512193027559,123.9522586466354,143.80646269543067
123.87778802866384,122.01205495604835,142.90862373328028
123.31347500500036,122.02368072197127,142.71662667688724
121.4592467937474,123.67344186736233,144.00280429048678
119.29868231317235,129.13390059902935,144.43588683593256
107.54456604718037,120.8851172723937,137.6868644633181
110.46293397114555,121.16394151844001,140.91411641943753
119.00845191956277,119.54903527049805,141.71875410524012
118.76660198485544,121.6286585508815,143.05587689567665
115.13877966051997,119.0727074056801,140.1927409676222
116.04171400865613,119.25859272530204,140.04858237885458
112.68799525829616,116.62130601927952,137.85338893129264
111.75281774285261,118.3407620260223,140.4742015408428
113.41356600633972,118.02709034930012,140.46551246351663
119.39542228705528,117.46941945688782,140.58853086694603
119.15357235234798,115.20392579042888,139.59438391923624
121.57212405922522,117.66694547597916,142.29349530938484
124.31312838309782,120.47847680215425,145.25170139354717
120.81428919995267,118.96813524655958,145.8407383142984
130.64970139203774,121.60542941935535,153.10981895470036
126.90903321810684,117.02793902274573,146.6310802834945
123.15221728062026,118.23621226722148,147.5916723446025
127.74746028770664,116.85366453550026,145.21877755725401
123.84553438939567,112.880325694675,140.85322006465717
125.49014536128789,113.77490486210885,144.10036224108052
131.02055541185698,118.5266622791907,146.59441868768113
128.97285772479896,117.6088390466842,145.51204605259525
128.6826273311894,116.28439027748472,146.29928131257978
128.94061455749159,117.78309113360999,146.92125420520702
126.63492964413136,121.5473229900604,149.4202862407793
128.0699233766628,121.07101752556213,149.23947819178116
128.69875415082345,118.91005868435754,148.06576102452473
127.2637499463312,121.77968897305436,151.721738851844
126.39307970942404,119.17727209802737,149.668204062981
124.86133553104884,119.40963061424812,151.04260736395662
124.87746235068293,116.91176349802197,148.34038926459644
123.26510501805889,116.69102328095093,147.34811119664676
121.05614960662079,113.92592781750848,144.62228938862816
119.55665906751378,113.13591334242187,146.81188833249263
120.9110396457964,112.38074629801116,144.35821910564272
119.13745600467469,113.00811205177521,144.70306382812956
119.2180586869627,113.90270615275556,144.7192162889133
117.08974784565586,112.8222341989265,143.47155701530437
118.6859783586458,112.57825738355605,142.94652315854515
116.00946036938795,110.25465728780215,140.84825661126834
113.12333561273013,109.31360492376947,143.05153235701354
113.05883880615457,107.67545461075487,140.73516511461662
112.23651761226728,106.03733416483321,139.5036704373743
113.15556830807671,108.22151467079071,139.7242467913974
112.55899117318424,109.0696206416258,138.87362738214665
110.14047088218939,112.83384503130296,141.18129341163456
112.01081544111564,117.26030500573972,144.25880441087176
118.99234604385029,119.08432570482978,145.45550637206082
116.86402473058264,118.30590712857321,144.44146920404714
119.08907554577242,118.53827311156718,145.07523788321214
113.28456192122782,114.0653548740781,138.7941029076796
113.36518554743746,117.58558004806513,143.78284685118942
112.54289576943255,118.3291437268726,144.16124646027802
113.59092960643228,118.14327334079712,145.72268336425785
114.80018975192972,119.43285227900107,
112.97822565190575,120.45526260417456,145.27966177645152
111.72058504750606,119.20050122955355,144.31223738219458
112.7686188845058,117.88767075950375,143.73624621301553
112.25266537582297,116.93499262954813,143.24104161892072
116.4770543630901,119.16563886533123,145.85627186035632
118.76660198485544,120.86188067409431,147.64076077726224
114.81630609960301,117.62045734583391,144.58873450202637
116.12233763486577,118.89844038520785,146.6522083332499
117.13811783259733,118.88682208605815,147.12319030396054
119.29868231317235,125.32318807920693,149.68311869431324
118.81498244375773,126.55466805488915,150.2230550468218
120.39507566515277,127.391170660121,151.69377846893968
119.15357235234798,132.2242487044775,153.51616681111045
124.40985788501997,135.30302331141536,156.03074452832357
123.21671408719584,132.14292061042963,154.1834903768772
122.4428047680932,132.3404316959745,154.63831988680414
121.05614960662079,131.32966953704363,154.59730161674483
121.15291052442532,132.0035159541797,153.6702644422386
120.05648575656251,133.89725391494122,154.83714927634608
120.24997617628918,132.8284151938083,154.49788692197384
118.92783876531394,133.97856707544264,155.92573532985517
119.266439145865,132.7586755318172,156.6079735269541
118.58923838476288,133.6067815026523,158.5956363720651
113.46193599328119,128.39032945344863,152.57857167951795
114.44547302370538,132.04997421723203,155.9686103440917
118.39576890895782,133.5138351094547,158.48255701099623
117.9765449021971,137.19677620572335,160.41741793509297
119.9597562546404,136.3835101987909,159.98744209885876
118.34737797809476,137.23158630253306,159.60905462535302
118.1377816826556,135.69803054895866,159.3605178884256
118.96009240458211,137.63824170631898,160.5037868782918
121.13676276086964,138.544454106449,161.57311376180556
121.20128051136678,140.43817713366406,163.41041673530856
121.53987041995704,140.21741451627332,163.61607845799944
120.00812624158186,140.64729158481217,163.01648358016197
118.25064847617261,139.85727710972557,162.3038093412557
120.26610299592326,144.24887471994,164.92338412135436
120.05648575656251,144.29533298299233,166.673080322207
119.78240312650861,141.6580686772895,164.58972840626242
118.86334195873837,139.9502085693767,163.07178543124493
119.99199942194775,141.05393205505163,164.43873748434586
118.50862523051404,140.41491066827172,161.72596142789936
116.49316023880259,135.10552715941694,157.2429800355706
119.13745600467469,138.61414896780073,159.88430178015045
130.90769909030075,138.18428683280834,160.07257321260613
134.21303738175848,135.44245783475822,157.7854163181479
143.11327205840004,133.653284566344,155.8586255566516
136.76057222982604,136.25569397459773,158.52605093995854
134.53551094267544,132.39852319172297,155.2845154028155
133.6003438991927,131.13215845149875,154.04245063290404
129.98864839449135,136.20925064509188,151.23771112956123
128.55363371803827,137.12705147727868,150.40883868479165
132.58455322950036,141.6115954806907,153.6149625911557
135.4223079992167,146.20068924290354,157.9034712681884
131.76225297953465,146.73510113669676,158.30609350066118
132.9231536100514,147.4902756478807,160.93561945870326
131.7944856748812,147.46705398312778,161.18850073429377
129.8918979486476,146.16617781702314,159.22257271808112
129.85966525330102,146.98653725852643,160.37516183558216
130.44010509659861,150.865705155344,160.67651262910667
129.77904162709137,146.99827502604782,158.88642920850333
135.22882805145085,147.08031993032606,158.38127343646516
134.64836726423167,147.93584787375417,159.1150878607097
136.69607542325048,145.61536888921145,156.38365941341084
135.90602881255296,144.39653762738502,155.55293022446398
134.01955743399262,142.3456091565339,153.43913013112922
135.261081690719,139.5329055469613,149.52342655948763
134.0517901293392,141.58383401781242,149.48863384343437
134.51938412304133,140.97445572076538,149.5675394031757
134.21303738175848,142.87297241639564,150.88292736471388
133.97118744705114,139.36886053904428,148.2260720740761
134.53551094267544,141.67758682251915,150.27401235924165
132.7619063576321,143.96292717222994,152.31946484992136
132.21368873772033,146.34199045955452,153.83926456911612
132.6490500360759,145.07626786182826,153.4931820171778
130.05312425714527,143.25973633629033,151.5173149586046
130.0209020337595,144.1035414457435,152.1026141198356
130.1337478833549,143.58788608631022,150.78536941412014
130.40785145733042,146.7287394459027,153.01474879859248
130.24663562079354,143.82228303162344,151.41168684541043
126.60268647682398,141.92370660180728,149.4264996592025
128.8922340985893,141.17365429706078,149.28359103546921
125.57077945945834,137.06011932202296,146.4813393266123
124.02290846144905,134.66931826717698,143.0881939528269
125.26443271817544,135.54826201146207,144.98514331607592
123.84553438939567,138.52505542959108,147.26733675714533
123.71654077624457,137.78668115818016,147.9688341242396
120.58857655684024,137.18899582801512,148.08191348530846
118.36352574165045,134.95059161484352,146.84544321909442
117.07363149798257,137.63435898423808,147.67059003992665
118.66986201097251,140.0954522422944,151.68942179469374
124.9258218656636,140.1188979102443,152.50959302655428
125.15156592465844,143.1542606976087,153.8081974770002
124.71621509826365,142.69718964095722,153.24153857103875
124.74846873753182,145.42786327979806,155.939399996153
124.89356822639542,145.5684924868581,156.78131819249475
124.05515162875642,143.97462013911195,156.72354068250883
130.3111219554083,149.24844687383379,161.4910893572698
136.87342855138226,145.17000573298847,161.07479032291633
138.80826991688403,147.04513649485472,159.15671290991193
133.93894427974377,148.4280426316911,161.3879490385615
133.13274990549056,151.42826678422355,164.45986553410125
128.7793882489939,150.16257405359025,164.73325594472146
154.04509854638712,151.2173304404067,166.85390050678802
149.4820987066081,149.9984991785803,166.2580312528879
150.44950891739822,149.52972022150033,165.52236008446607
146.80558071735027,148.76791521568595,164.0820848397384
150.40114940241756,149.83440937002385,165.23654283699955
155.14149189836752,150.80715071965506,164.692249810245
158.09212393356168,151.06496346582526,165.26015868124077
156.4313861420354,153.39715035079647,167.3801721929987
150.82037340917827,154.51052090748772,167.85487978764672
145.06422977157513,151.2173304404067,164.46607895252444
145.2254770239944,160.1827746618933,171.23808611907154
145.7898005196187,159.24523168127988,170.8410462547134
145.3544496932239,159.2569246481619,170.83296395653008
145.82205415888689,163.65174790441276,175.6141894331718
146.25737356939925,165.97221195540902,174.80396937925462
143.00041573684382,164.7416727931541,174.7840791589507
139.09850031049365,162.0696282577345,172.55284303030118
140.30777092795185,161.0617333397249,172.21980622993496
141.85562098203954,161.91726128315304,171.89298284799193
139.92079008849853,164.8705791662392,173.99248722472024
147.93422770859883,160.99141126942163,173.60539853830545
145.30607970628245,161.8235234119928,173.8974292041952
145.54795058491138,161.95241485153142,174.4063106001707
144.77400984992633,163.15953821292936,175.09536899483575
144.01618546261457,164.9643319709459,175.55703083791164
144.54827626289227,163.95645198648273,175.21901844857376
144.46766310864345,156.983336999519,173.1567824468017
142.37158496268316,156.64347934907062,174.61880465601055
142.75856580213647,157.28801121449604,174.69709130102612
143.46798878662437,158.7881307575355,175.86272617009925
142.452198116932,158.33107463443054,175.3973508386689
142.03298458213212,157.9677713160322,175.2376587038433
142.51670539546836,158.2958911989592,174.83316759161045
138.6147794971574,159.0928348396055,176.33494597026137
139.45320656675716,157.7099436363156,175.45327160447758
140.45287041681544,158.45996607396916,177.87650478952014
150.3689062351102,159.690535103317,179.74238706065321
152.9809274177925,158.7060858532573,179.56281684110658
150.2399126219591,157.7919736070473,177.9852396119259
147.98261863946192,156.70204871830597,176.65618698408983
143.87108597375098,155.88167434325624,174.9897408816416
143.7259760129266,156.69034081787748,174.35597220247664
144.09680908882422,157.35834821834578,175.00652439273392
145.28995288664834,156.29185406400788,175.15626534961612
148.93389155865714,155.9285806127025,174.20001782717122
147.1603079175354,155.8230900404744,173.57743815540113
146.2090140544186,157.5693144292555,174.84061883948513
144.61276259750704,158.5185802438439,177.05259579813938
144.419293121702,158.82331419300684,178.07905980299944
145.3867033324921,158.31935180045556,177.81437060528827
142.75856580213647,160.35854250378526,179.47397223900472
142.83918942834612,159.67881226934205,180.55759483912496
144.1129359084583,159.43272235714682,180.54329912251848
143.7098491932925,157.80372630811522,179.0328195309585
143.50024242589254,159.4092766891969,179.60756073510322
144.35478584316564,156.31529973195777,177.32226058482223
146.82169706502356,156.549696677271,178.4518649083906
150.1915426350176,156.70204871830597,178.60098695054708
149.30474557847634,160.08900692364014,179.69267971326772
149.57884915245185,160.78045999205835,180.27612213032148
151.1912064850759,160.08900692364014,179.78464316016402
148.9822615455986,161.40159099017328,181.86737616138288
147.7568850524279,161.5539280976618,182.30045870682864
145.14486386974556,158.5537487457688,179.9306584931089
148.8371515847742,161.09687197455682,181.1261226248465
148.65979845664242,162.6673135878995,181.40509540358124
149.41761237199339,164.8705791662392,182.08484580619438
162.6228491901509,161.33126891987,174.20748121062874
156.22178984659624,161.2140853807599,173.53766985037615
163.92887025345286,164.77684129507898,172.98591344016407
164.25134381436982,181.40688343904043,179.2608471328563
165.04140089702815,181.6529584176892,179.87784443651182
161.30072225113648,186.29390145322822,182.02643724589987
162.86470959681904,184.1726658456203,181.36160147461894
161.63932263168752,184.26644851741992,181.18141234034655
162.17140296000443,184.04375947253519,180.40660391720837
166.6698641053647,184.88759444908132,180.6048143920246
164.1707201881602,185.95404380277984,180.2251769534845
173.79653608480612,182.7194525720271,177.5937942512652
175.4895170436398,182.5085012946638,175.62910406450402
175.79996879355681,182.42648625747853,174.58524976940873
168.90454912449172,183.01243382012217,173.54575214855942
169.03529155509665,183.79766956033995,174.48832286912364
171.69868817747042,183.504658445152,174.86236580396627
165.8817024476114,178.40665928650802,170.3862288803693
157.04187004087206,178.45365515723307,170.25511604317379
161.20851663628054,181.27376580585224,172.43540699498635
162.45034457987018,180.7332460915549,171.86936700375068
161.42094036113605,178.73567518222288,170.9758725802634
163.8719132586543,181.3794953148238,173.33822154610846
163.36536357077108,184.99865523414084,176.74068704752858
163.20196956638753,186.60846167596503,178.2598678519976
185.57116692200796,185.30416572771992,177.95043476028977
182.02542382643355,185.64490445740975,179.6734205432724
199.98288881605058,185.51565461275595,180.01081401788457
204.08416943213697,184.30535040596098,179.95985670546472
206.04493937258295,180.9329972090695,178.7892462474199
199.24761056034416,182.70734146584405,178.3182764122921
199.68877332498369,182.43704427482922,178.0747031287535
200.11359983077313,183.3770811577023,178.66125225501884
200.22797458664553,183.63559578055632,179.082526878344
202.7933117680754,183.459335131631,180.0387744007889
221.56775725157107,183.5533418066276,180.0816372794426
212.43381982572564,180.9329972090695,178.389111809433
223.62656568903932,177.7839005318284,175.18422573252047
232.85856255582866,179.66395936402805,177.4421844146229
229.10040620735947,180.9799781462481,178.12938606511068
231.76378188581162,180.92122957445517,178.7041272692554
228.46314550475375,181.06227692081623,177.56894057757245
224.9010870942508,179.32322063433824,175.92300361015387
219.63965982882533,182.1550391833859,176.1081561978151
228.9370017310151,190.66236699996847,179.00796585726576
224.2311538739448,192.295663910382,179.7728352380434
222.27038393349886,194.25796178296392,181.27835137621452
228.00564648126408,195.52701456155182,184.0712829574367
233.0219460882514,192.824415990065,183.14982815104506
227.49911773730247,188.14775191138196,179.716295557509
225.81610608515172,193.4707100139733,180.96208595135778
225.48931807638456,193.03594967574045,180.3730490306066
224.05141313875032,195.65629427329853,181.62256504839277
221.45338249569866,194.98650978080093,181.79468402006472
219.5252641290313,198.0063416798418,182.41851365686918
218.8226793349467,197.71259882087705,183.03053537155301
215.65277491253295,196.44356097583557,181.40945207782718
214.10047427510472,194.43423736543568,178.75196573688078
207.6135762688613,191.5083822742985,176.17961050968174
207.67892130426176,192.33092201358565,176.0876591983683
215.73447715070512,190.95610985893325,173.35002946822908
215.81613750103412,191.10888003926925,173.27794410605384
220.1135160550867,191.1793663785836,173.6109930420029
221.6331232308931,193.90544048511327,175.14694522198135
213.87170381943827,189.7928164564098,171.24926299088358
206.37172738135007,186.83173312916188,172.47641312946283
235.06443921079114,190.7798492100079,174.59022535838045
231.89449290053417,191.62589435143084,173.891215785772
228.00564648126408,185.17491588306615,172.58763574635444
231.110226812199,186.93747757167992,173.33200812768524
225.96317430264597,188.00676429920676,172.1272238683129
229.3128404041758,188.32401256030727,172.4683429668624
226.0121830791963,190.61535619569696,172.87345299382096
219.99916224313586,186.79647502595824,170.46886006404796
219.11679482601363,189.5342869000093,171.17533302011395
216.69846303031318,190.52136445424682,173.6569626298682
214.93381197175503,187.64249030028824,171.4754338486041
210.6364124737808,185.97393528667106,169.27713369183058
203.8227474026919,185.80944227236012,167.5311631149153
195.47309700910327,181.13274832658414,164.59779856886286
204.4763443641478,184.52862185915785,167.6374101428352
201.92732249764643,183.05984783014824,166.62026626560993
202.678937012203,183.98810214486048,168.58868207630843
202.56458320025214,180.3219762219113,171.4543057988487
203.25085267940827,176.50310998571905,169.6114083216483
195.91423882982122,177.1023633382629,169.7853840374975
196.24106872643154,175.16352606717734,167.0427787183866
199.0842060839998,180.07521430012517,168.47062712626789
197.286798732055,176.67934076755142,167.06452568286772
195.24434749735843,173.23650123134558,163.93793838655364
201.9109652948747,174.775776533216,164.46110336355275
205.21160167593263,178.03064752006807,166.940257314404
201.32273431274092,178.5476468986832,167.1335043358314
201.42077280976324,178.92365866512313,167.09248606577208
200.9959463039738,179.21744632472726,166.92846152786623
197.4665604111711,177.67812622221743,168.70549919689745
196.25740498528165,182.1550391833859,167.9120383829069
192.74433440740745,179.65217679586723,166.44070818164613
193.13648839549666,180.7097406894191,164.41575269041323
190.83259418743344,179.53470951937427,163.8410114862685
192.6136233926849,182.96581128805872,165.0638049506018
195.63650148544764,187.4192487141843,168.3550599707132
197.61360768474373,186.23243497597863,169.55797535032545
195.14630900033615,184.57566253052232,167.65356260361892
194.37833728300788,186.62019944348646,170.37380204352291
194.23122717767043,191.55537814502355,171.93958348616582
194.83585725041914,197.12508323585462,174.88163710954444
205.65278538449374,196.1028073125993,175.6595522418942
202.05801256844734,198.74664237874669,176.74690046595177
200.06459105422277,199.51041861269445,175.9192779862165
198.34888594045015,196.86658354654705,174.48087162124895
198.96978944028416,196.25556255938886,173.97384696945068
196.84563596741543,194.9629894451187,172.88526091594161
193.74105563648055,194.81026406542207,172.21048610230017
193.88812385397478,194.28146718509967,172.22291293914657
190.83259418743344,195.62102123654844,172.16450437885203
191.17573939897227,196.51404731514995,171.90913530877566
197.45020320839933,203.39980105529398,174.61135340813584
201.22471675964024,202.04850923632384,173.53021860250146
201.22471675964024,200.5092190009069,172.26640686810885
205.3096611168765,198.98165159946498,170.21783553263467
213.3815113343268,197.0545670294473,170.03268294497346
209.57432526538565,192.7069188464791,167.2018519384864
204.10050569098706,190.0630837803317,164.56921927123275
198.85543562833337,188.20651541672134,161.53147657702053
204.85212020554366,189.89859076602073,162.6933858221563
194.9175176007481,190.85035048286875,159.6587619727385
195.522084841732,194.43423736543568,161.338241691176
193.77374909810237,196.1145450801207,163.78447180573409
192.989441121924,209.56877443221535,167.48269359698128
194.084221791941,209.31027474290778,169.5474173932392
194.8848660269695,207.64170479574418,169.2236885849249
193.83911507742445,210.08577381083052,168.7601699976718
189.13324627643254,208.46424453503133,166.2922050542154
189.65611127924427,210.12106178112705,167.07509577553685
188.65939005017117,209.96709691707386,168.63590162920806
187.98943588594358,211.82645785387314,169.16714890439047
188.80645826766542,208.46301998422123,167.89029141842573
179.3947206656816,204.85084896464974,164.68231076788447
183.0875319787503,207.68138322870143,165.98402192754196
180.91430689756643,205.79830782011587,166.83152249199824
182.82606806146202,204.3060731896099,165.58014973003486
181.56792480294388,204.38898423958304,164.14360010924452
174.5744771088173,199.8767534410251,161.92044627877823
158.7738904695732,200.33863309963826,160.98345792632864
163.1856333075374,199.02403300433238,161.254360542463
158.85558223578457,193.81306156668134,155.33669840910397
164.1660287497212,196.9633230605467,160.30432643844125
162.56471933574258,199.88858080982533,160.64917116092806
164.70525095530462,194.44073345814792,157.69096507676574
164.14968201891028,194.44073345814792,157.12181837631846
162.1889120784643,196.51328570428024,156.5800131440498
161.69871959335282,194.85525884092084,155.91765303167188
162.679094091615,202.51776606689066,159.62085041189079
169.11698332130803,205.65620019195578,162.28516908598613
172.22155318028214,205.96411498651577,162.50636435473498
172.0744744908271,213.65032175072537,166.50718690454107
170.14639801200295,211.34089359056665,165.9218877433101
169.60717580641952,211.1987859624066,165.5111710770712
163.69216205149903,210.61846834678028,166.20272940180496
196.42080946162602,215.92419313675114,168.33455083568353
192.3848738809401,216.44528430709764,168.37804476464584
195.53846298842535,216.5163679882706,167.9257151847876
195.71818277969822,213.3660766273123,168.62783146660766
190.35871701725046,215.27282170704473,170.55212229803521
187.89141833284287,213.7332029336056,169.09258788331226
184.63979072833533,214.57408106795168,168.53586801971133
182.95677907618457,217.7598694688571,171.13494580036323
183.5940607227119,218.0559568946168,170.81432370126055
183.15287701415076,216.67030298523088,168.80738955057143
191.50252740773942,215.23729480000472,168.75520654428294
190.52212149359482,219.3468425181364,171.35675998383783
192.4992486368125,220.06929762901578,171.60529672076527
192.02539241055112,219.83243664853583,170.97401583608612
191.86198793420678,220.50750761648206,171.67675103263193
195.5057695268035,219.00341575008292,171.97001952797314
193.96982609214697,219.19290752117612,171.96069940033837
195.3096925327589,218.22177899456315,170.80252791472276
197.07440642308188,221.88128935642837,171.1517171758727
191.86198793420678,219.69031408682932,170.46264664562477
191.76394943718446,218.38758616096302,168.0412823403423
193.39793136886328,218.74287016490968,169.7586736196275
193.20187531874032,223.6222422033074,171.7550376776475
190.03192900848333,219.05077002592313,168.63030712551063
189.93389051146104,213.17658485621908,165.23654283699955
191.30645041369482,217.4519546742971,167.0676323920793
191.06134369917825,214.62145027733834,165.9995554735999
192.36851667816836,218.15071024693665,167.5137606890972
193.02213458354584,219.96270197434927,167.30063558294881
174.39475731754442,218.71918556021632,167.26833066138138
168.23462637614654,213.38974629845916,162.9009164246073
169.80325280046412,208.00114032560808,161.65450711603273
165.9634046857836,209.22097213504762,159.32323737788644
164.63987450402175,209.71839363424726,158.87710908086856
160.14641895592456,204.14026602321002,156.53216254084154
155.0810791565045,202.47039685750394,156.05187257807899
150.76738528752338,201.33344623094462,154.39661548302564
154.41116688012013,209.03146543040796,156.94473595125766
155.81637835613253,209.76576284363398,156.68066566827227
162.3849995444697,211.2224556335535,158.3918435291343
163.1856333075374,212.97525078277917,160.0769177512692
163.3817207735428,209.52890186315406,156.58870222137597
167.20522215741244,216.88347936101744,162.36283681627594
162.679094091615,218.39941352976325,160.1719879073771
162.41766159020915,215.52151005632484,157.71643766518423
156.9765145335108,215.82946965152422,155.88037252113276
155.89808059430473,213.1647425538724,156.05000369831887
159.52551545609055,214.10037404053833,157.44740392881
163.9699517556766,210.4052919709937,157.46231856014222
164.9013174773884,203.84419353099673,156.63344611537264
166.81307864128402,198.78715709030598,154.63645100704403
164.50916348929923,203.59549024817017,155.33980511831555
163.54511477792636,204.9100604763831,154.32639900061048
168.51241608032413,203.65470175990353,154.24687452614342
167.5973866174624,200.91893578171812,152.5972119347875
164.72157674219395,200.6820897347847,153.0712884791269
165.48953798756142,203.4296830817703,154.91171029742432
167.22156888822335,200.3149484949449,154.33137458958217
164.6889042244937,196.47774386369377,151.50612595120973
166.17581793867828,195.42371922065405,151.8373060073987
170.52219479732042,194.7723328574012,152.3697911120326
168.071232371763,192.94848389409546,149.9502956865102
167.72809763218496,187.92701916108413,146.68576321985168
165.60392321539462,190.74566632214976,147.23192512636632
165.94705795497268,193.6235697955881,150.34421670607395
168.23462637614654,191.69314011116234,148.36462402356344
178.56140391295287,195.38819231361404,150.7027382304415
182.80975274653352,195.31710863244106,151.3389947040923
180.84896186216594,197.9344665207062,151.87520543266356
186.56790909500268,196.2645674879072,151.78821757473895
186.2737936039358,198.65692163158553,151.74348581632515
183.0875319787503,196.73828944886702,151.10225375370263
181.74766553813834,196.41854728550686,152.36420874391803
183.0875319787503,196.45407419254687,151.83358038346137
181.4044993826779,197.9699934277462,152.02681526930587
180.96333661803837,198.42004571755916,153.23719403237567
185.6692263629519,201.2031809051312,153.9647829026142
186.9110543065415,203.15729519425037,154.70728640418494
193.0057773807741,203.0507144731303,156.14133609490656
190.5711512140668,201.71241483958457,154.72220103551714
188.44697679727645,203.73761280987668,156.8552602988472
188.66297146076522,208.41563584128804,158.0817915227007
188.21435266003513,208.0603667708879,158.21848672801082
189.2611926935035,209.1025491115809,157.9879713316272
191.82012103492295,207.32608429120836,157.59963268017808
191.55425889409813,205.47852085611632,157.9637365726602
190.32464125680283,205.98778465766264,157.22123307108947
197.58600359607135,207.1365925201151,156.79623282382695
207.24016709060655,205.67986986310268,155.19627757985654
205.19635450100583,205.51407763024926,153.3707825284742
200.51050808906612,211.75540403979315,156.93790361810872
199.54677353651732,211.956738113233,157.3318367732553
201.2084014447117,223.40908076106726,158.77209988240014
201.69027919294692,217.6059344718968,158.65155713787377
203.60118165605684,217.26247783675038,158.8199504856084
224.28862399482264,212.46598698123287,157.59714488569222
218.72212756733208,217.55853539541715,161.32954047826695
214.15260369597385,216.95454810864393,160.80016208284465
227.41251462147525,215.63994801333806,160.80637550126784
231.8158694188376,217.84278051883024,160.93623837342898
221.41396603524234,218.16253761573688,161.72534251317364
224.60433266906196,216.36240312421737,159.85882919173196
242.68302107691548,216.6348059452838,160.7268388912179
241.95186877376483,218.10334103754997,161.29102213827636
237.54853492032407,217.14403987973716,160.75045473545916
235.5213518044759,214.19726289000263,159.06289271883838
240.43978046581378,209.25436354494317,156.4321289313448
236.9503346315074,211.11986216933954,157.6164040556875
237.2328262460848,209.36130267117838,157.12492508553007
234.07569761584867,208.48203038887104,156.49426311557667
232.28111769332025,209.15931152169404,156.33520203105968
239.57575992401544,208.94544820277008,155.903988365374
240.8718116806345,212.22488487355693,157.81337670105225
258.65139994407974,207.18687377106244,156.01893660620294
257.3553272435391,206.64032090399326,155.4118904804908
250.72536130882756,210.21681568106007,156.1500373078156
252.95197244617674,210.96538956470653,156.55329059059696
250.52595423124814,212.39122964762953,157.77484622547877
256.64082535806256,212.52191311274396,157.69594066573745
249.79486475986224,211.5000851958826,157.68785836755416
249.36281260111986,210.9535024617205,158.01033721083408
246.57123917853752,211.53571663774784,158.38748685488835
242.15129679526584,210.01480959802925,157.59963268017808
250.11055249017994,207.76911781418278,155.56970159997346
245.2419494183349,206.28385714987593,153.43228566239745
255.47768372793428,207.8998311463901,153.7149962006524
263.18770675577605,216.71629830834277,158.45087100415455
252.70273977910443,215.1359706872403,156.24945200258657
247.10296346018717,215.77760544465158,156.73782426353245
249.09695046029503,218.89069734136578,156.7104949309367
238.76154402778837,214.0428500195555,155.03100307691636
242.3008154515876,213.1992091791134,156.55329059059696
244.4111249922769,218.1183492517472,157.8879377221305
241.83558812102652,221.17206536771695,159.98682318413302
268.65451011643773,225.4376835799534,161.19968974168864
261.3598888296641,224.4514721714108,163.02705367283113
261.45958189649303,224.46335927439688,164.44992649174074
259.0668226290695,226.68532165291063,163.88512432995654
262.42333739296345,226.9823648256441,163.22277635316146
263.53663248967723,224.81982302851424,161.90180602350867
265.3312333561273,224.5108927527947,159.39654843393035
266.52759204591746,227.07741684889328,159.55250280923573
275.89924298195365,230.1311030977701,159.89797858203116
265.9294127010224,232.00842909096667,160.9331316642174
268.7541822393451,232.88771630682047,161.33017152857556
273.140949450798,232.49560617729136,161.65140040682115
284.4068733761916,232.15104445970653,161.81916270424716
275.3841481740566,232.97089616063,162.65735527665154
273.2572510474579,232.3411485062048,161.29289101803644
275.88265539604436,234.55120884818604,162.30815387991876
278.4415627935422,235.63247227997772,162.9431725241181
279.6878099045899,240.40902685096458,164.38281671853719
271.0638988576138,235.26410648932782,162.14909279540177
277.9763145190595,241.6566649239218,164.18647512348107
279.6711804308374,246.338152538113,167.66350164597947
297.6003292384476,249.98595499954973,168.4693892968164
292.5323400329448,248.14423058112553,168.50728872208126
289.69089913302633,247.1223877307177,166.79487303176774
290.5715700924988,244.37763175756047,164.40705147750418
298.29820165017156,240.86057249542398,162.53681253212514
286.9325846579491,240.1714191931614,161.33886060590174
316.62614366901903,240.86057249542398,161.74336385371743
324.08693402978855,241.6566649239218,161.7955468600059
333.3588709550742,241.45465884089097,162.00743413670284
321.8437143626084,242.07253432587657,161.53023874756903
303.51575139983936,240.81300914993324,160.90579019603882
298.18192099743334,239.9218646981863,159.82652427016453
316.3602815281942,238.389115356121,158.99640186036058
306.4901233701702,240.04070586095403,159.5152222986966
299.5444487612194,241.83489680098046,160.01975915600906
299.27858662039455,245.9817037175421,160.158942155805
300.8737594653436,245.68464561126214,161.1568147274521
288.57760403631255,245.89853879727906,161.4736990670346
288.1455728214918,249.48690574378546,162.63435834713604
290.22262341467604,248.58390405614537,163.340831303202
287.39783293243175,248.67891127875512,163.04818172258652
298.86318487932635,247.14616193668982,162.62939489374722
296.3374735975688,247.00359136858933,162.2062635262448
289.458274995785,245.61338272753162,160.9940158834149
303.54901034734445,241.85865607340614,159.93090241832434
301.95383750239546,233.0778502204117,158.17748059353437
295.1909404972715,235.9413876221508,158.7491150884675
295.1909404972715,234.6462758049816,158.54220340074227
292.6320121558521,236.36915906063814,159.0355512506598
287.9627952176649,237.69994712031198,160.10239033968773
292.29967400786023,238.16333506711808,159.26357885255757
286.84952106487276,236.13150660219557,157.02799818524494
292.48247255560875,234.7769742036425,157.15537326292025
282.2467382460094,234.87202622689165,156.80742183122183
278.0095315787214,238.97129966505548,160.55970764410048
277.7602989116491,240.1714191931614,160.21610075106517
272.0442419399936,238.00887739603152,158.8702767477196
286.7996535875367,237.65241364191417,157.53624853091185
284.7724704716885,237.6761878478863,157.75558705548346
284.39026484636065,236.45233891444764,156.8782572283627
282.96124013148597,237.77123987113544,157.0043823410037
281.49899835694936,237.97323102061978,156.54831500162524
282.44614532358884,236.9276139642398,155.97420484778914
278.2089596002224,239.80306833605795,157.09696470262574
273.5231131882827,238.61485084448458,156.86085480254465
277.04581797009416,241.49030521630272,158.48193809627048
273.98840335060856,239.70801631280884,157.26100137611442
280.13647059316327,241.64476288738928,158.69815777604765
287.8631230947576,240.4565752629088,158.64845042866216
294.476438611795,244.29446683729736,157.6002515949038
290.1395388776781,245.44700808636608,157.46604418407958
289.1924128549602,245.14996491363257,157.43310821220354
285.7195546065632,246.0648686378052,157.31630322719735
282.0639606421825,245.41134677740786,157.17463243291556
283.21051468640144,247.1699212091155,158.24955382012675
280.26938071965407,247.2768752688972,157.80902002680628
292.16676388136943,244.8529217408991,156.65829978906535
284.37365631652966,249.35620734512457,158.05010551585906
278.5911442816287,247.312491777216,156.50171436345138
263.3040083524359,247.15804903967592,154.59108819832164
259.5487003773047,247.95412653462722,155.43549418914918
252.76917389842825,249.9265194846194,155.1366311901105
263.43693942284835,245.83911821589516,153.59881013037196
262.57285604928524,241.18137494058317,153.54350827928903
267.50795607221886,239.4466045819406,152.92837985539362
264.8493556078921,244.3301281462556,151.41603138407353
273.6394357288642,243.18942919953352,151.5216594972677
278.8071598890391,239.16143357864672,151.50054358309515
282.0473521123516,242.53732602605038,153.5621485345586
282.67876946083015,241.0528867067991,152.88116030249398
287.0987327880234,241.00500975683258,153.18561780523007
290.03984581084916,243.076023847679,152.45367226074563
291.68486518921264,241.04092493608067,152.21383673672722
288.9431592439663,238.32345255231485,152.06844031850807
289.7075076628573,238.26359889808347,152.83269078455996
282.03074358252064,235.71371077274682,151.03639394553343
288.3450008429929,235.68980216485647,149.81049377198855
283.2935782794778,232.62512482578154,149.36436547497064
286.68333104695523,231.89488933719394,149.0207585819353
280.9506655454687,232.84061590127016,148.7268711718683
285.4038668762455,232.36177173387284,149.07482260356673
281.28300369346056,231.05689337731562,147.9104255639451
284.62288898360197,229.0337562364357,145.9792902637857
283.31018680930873,229.6801995958086,146.19675990859722
280.98388260513065,231.11676196509342,146.1532659796349
276.66363328868783,231.4998522325577,146.4105039294714
264.2179173154919,231.10478526082855,146.73485165251142
260.06381612912344,229.2492473119243,146.01720182463342
253.6664743316533,228.1000213101708,145.3989666915264
242.21775185851124,228.7823649152454,145.19454279828702
238.2962748093841,228.4351898270292,144.11837144604146
236.98357263509092,229.1774169534281,144.125834829499
240.3899339323993,227.78876140120272,144.5732009559684
237.4820589131571,231.61955954102044,145.93083288143455
237.16637118283938,229.29715412898375,145.09761589800186
238.01380413872835,230.13512022176914,144.9379237631763
247.10296346018717,228.93798740295622,144.57071316148256
245.67395968923412,232.73287036352582,146.07374150516785
245.5742666224052,234.07364896578468,146.39869600735076
241.90204318427195,232.92443789757766,146.08181166776828
234.25847521967555,235.46231945155657,147.6649955362292
218.38978941934025,235.6418953477971,147.54632167146295
227.72822329571457,237.48547152598297,148.40749903779997
232.779624915308,235.37851238879549,149.33391729758046
237.53192639049314,234.40887721682898,149.96644814729393
240.55612395031685,238.74244306548076,151.38185758274602
248.38246951874007,242.32183495056177,152.53133999103545
246.33863598521776,241.4838539242299,152.83455966432007
246.55465159262815,241.63949134548716,152.85009321037805
246.45493758187763,243.42321386944167,156.25753430076986
248.58185565239793,240.2627826304337,155.07325917642717
262.85538955170585,239.11355662868021,154.13750865342905
264.71642453747967,240.57405747294825,156.6694766608774
263.75266904100926,238.3473910272981,156.89254080938636
262.1574752521386,236.4918530783938,155.1521647361685
265.59707455303055,236.8988668872949,155.903988365374
269.02006532409143,234.43280075826576,154.76817062338245
267.69073367604574,232.84061590127016,154.79613100628677
269.4520965389122,232.54133269656688,154.81166455234475
272.32671261064934,234.32505522052142,155.5759150183966
278.2255681300534,236.46791460341055,156.75150106541315
264.81609666038696,232.97228498045124,156.4576015197633
254.44747316821844,230.7097332226459,156.41410759080102
259.116669162484,233.19975276020472,157.25727575217707
260.2632232067029,232.34980996315446,156.68190349772374
258.98371714815,230.29074270947993,157.36227281506262
257.9701151182651,229.23728554120592,158.02835855137792
259.0502140992386,228.36337440207947,158.03084634586375
263.8024946305021,230.0992199760675,156.04440919462144
259.4988328999687,228.89011045298972,155.1701860767123
259.48220342621613,228.171851668667,155.17888728962131
259.116669162484,225.28678009292545,154.77003950314256
259.83115010403895,224.0896323405661,154.07475555447147
253.91572794264715,222.58128441342447,152.12125437510514
257.15594110988127,221.671428227957,150.66607663462813
258.2526067328425,224.44878413304713,152.15667814146704
257.52151726145655,223.048122009464,153.0265567207131
257.47162884019895,227.96833729744327,154.59544487256758
250.27670062025425,226.25644513198492,154.7824663399889
252.4700946979415,232.21812595042687,156.597403434285
250.95800638999046,231.87096579575717,156.87887614308846
252.35377215736005,229.75202995430487,156.63655282458421
256.80697348813686,233.5229744398912,157.5524131272784
259.1499071660675,236.47987637412893,159.22257271808112
263.05473379752044,239.3290178370759,160.31364656607602
264.89918119738496,241.51978403702446,160.7349211894012
264.5336259897312,242.7288487594628,161.70919005238994
266.6106765829154,242.92040135996822,162.11616895910862
273.72252026586216,236.31226224860683,160.44723506217454
305.04451106938615,235.5820416935657,159.8221675959186
307.7197410074655,235.94116361895385,159.76003341168672
305.26050573287495,236.57563027406195,161.47121127254874
300.2091041132815,236.24044682365707,161.26057396088618
308.1351636924553,236.6474755661046,163.5446241461328
305.21065919946045,237.50939506741972,164.55555460493488
303.53238087359193,239.85576882153262,164.83764622846414
309.74692412331365,237.49743329670133,164.51702412936143
311.0928643011904,237.48547152598297,164.62700891680154
299.49460222780493,237.10238125851865,163.62229187642262
294.97492488986114,237.37772598823864,163.86399628020115
293.31327603774514,238.2157070145705,166.37794294710565
300.3586437135248,239.85576882153262,166.85390050678802
297.40092216086816,244.64425529614493,169.28769164891685
301.5051768138222,251.77908565777716,171.08647628242923
307.5535719334695,247.25398214216648,169.1789568265111
313.7847446569438,251.10874862406035,169.94258837783724
316.2107209840292,250.12709194718957,171.1423970482379
310.32851588229937,249.6003409627329,172.38010514390342
303.59885688075894,247.97228572712856,171.1051165376988
308.2348358153626,250.19893723923227,170.89137251682462
312.10646633107524,256.72322448719325,172.67587356931338
316.2439589876127,258.2795090984872,173.18909950395198
327.01141757886177,257.5372819720883,172.44162041340957
327.46005732351347,256.8908087456224,173.3003221208436
324.2364736300319,258.0041345016743,174.64303941497755
321.6276778112764,255.50219799403644,174.1888409553592
330.15191673534525,259.02173622488607,175.12643608695168
331.48124838339106,262.8046424811908,177.69195898100182
335.4000027227098,262.6849351727281,177.38066914511674
335.82047289280587,263.46306254482863,178.10204459693207
343.6580444032082,262.1821226632547,178.7383010705829
346.1976415049883,266.2404035163723,179.92008840043977
343.89347502594427,271.7351422039495,185.40778683314744
349.6454927109917,273.5612461327715,185.93716522856977
362.3269115779046,274.72654063052124,186.3050068805721
357.8866745345999,274.738547201879,186.41870515636668
353.85019441195226,272.7683345496707,185.69919858431146
366.0437874568948,274.14989666732527,187.63529733785967
368.70115222984697,273.65735843781965,189.39742037555868
392.7856567647296,278.90727656465117,192.35811425420684
398.75630804738773,275.98797730041207,193.5914778112093
395.07302621864824,276.9851499320598,195.0621890977443
394.63567524774044,276.3844032248695,193.61881927938788
393.391145538264,272.0715352716181,190.8202931944683
375.7146013691042,272.52808365414324,190.1977135226982
380.22202651291036,274.78666308858897,191.35837280279964
392.2810758054771,275.0629635652827,190.85695479028166
390.16192792987135,272.6842288159803,189.776438899373
400.5895713931164,273.2849157889848,190.545033904088
400.3540779386155,273.32099523724406,190.16290867106204
399.59724838757984,269.9931738759109,189.9131341046831
400.118668259801,268.6957473590396,188.8028010866929
400.97640562511845,265.8124976759668,186.7157114112281
409.7221684079792,268.38339730117957,188.4132124702094
417.66062678874175,267.0859110501225,187.9074377834455
413.270948372186,267.8788226332233,187.96212071980267
404.28973402266763,267.0859110501225,187.5942912033832
399.6477232386424,266.46121093440246,186.5491869432536
410.81539922779757,266.4371977916869,187.056199459469
417.3074284948337,271.9634163952121,189.1147098373037
417.87932321811735,274.47428316363596,190.81780539998243
434.4962306177096,272.2397766060917,190.20703365033296
427.0791502213249,271.6150167561858,189.51609424032497
422.8239736693018,273.1647903412211,190.2542532032326
395.4262245125564,275.17105257459565,190.48663747937633
427.09594724645024,276.0120203102205,191.98158352487832
427.8191827472352,274.8226828026623,192.4830015373963
422.9417203965522,276.2643076441987,193.6542309101669
425.39726954094067,275.7476965377917,192.65884613300562
442.93926995772466,277.0691959315643,192.12138543940003
449.64995376629304,275.3873201945005,190.2138659834819
447.5307640028442,272.0715352716181,187.26124226743414
435.7912770660917,270.07730947669415,186.618784510943
443.5447168434159,270.5098148494109,186.17452509368516
442.6869794780984,273.8975794662542,188.38835879651668
431.01472252969063,272.05955856735324,186.69023882280965
435.11855830421257,278.39072519242995,191.6559979723868
434.34484795236517,274.2580155437312,189.8982194733509
430.3924367310309,270.01727661990526,187.23701964405
427.48278147845235,268.8879122349501,186.66849185832848
427.920090561517,270.85818462134426,187.99878231561604
420.72162281882146,269.83705858116673,187.6930748478456
419.8470884283786,270.66596001124793,187.72849861420747
419.1574888656877,271.20655439327766,188.59712722841914
425.91860563747537,271.60304005192097,188.71643214349405
436.85083005997296,275.1830890130464,189.3234782692062
464.3663678318119,272.7803709881214,188.44987406602277
485.82714353183627,273.1407771985055,189.03642319228814
473.01122280039084,277.12925865544616,190.5195613156695
479.3519112899257,274.270022115089,189.80005474361428
490.23366086136065,274.4382335824697,187.7340931179049
460.9353764826987,269.6928901235945,185.30464651443913
458.9843664097197,269.1762790171875,183.9190542060686
455.63744396191976,265.1877676931539,182.0351384588089
455.88973444154607,267.0138118877899,183.15293486025664
466.30053899182246,267.95086206137,183.6139656530239
473.3475821813304,261.55966257950433,182.47132771346625
480.69743258937035,268.1911428239904,183.11254764050594
487.82854468019156,272.1916607193818,184.34529228278262
501.1154104327956,274.1739098100408,184.94053048637414
501.28354823542224,276.31236379672276,187.30101057245912
487.6940009278157,281.3460143036495,189.7795456085846
486.5840149707152,282.72757642130404,192.58179731744153
481.50465321578207,282.60748084063323,192.514687544238
490.5531813293316,283.3643129754748,192.8210139267342
493.4628365819101,282.9919001937329,192.58055948799006
484.7675486501119,283.7367556243096,192.81790721752262
486.09623103658794,285.8150871529238,194.49366131202277
495.5315514942964,287.0284676702906,196.3999429384894
478.76326142935983,285.44267437118197,196.42790332139376
481.50465321578207,288.6622872548304,198.44291977026614
494.9765375718246,289.3110303803589,199.69678032671538
472.96078983717143,288.0375871391103,196.5608729027665
469.5129176872465,287.23266898465175,198.26396846544523
467.74696810554894,286.24756265854757,197.59043148125528
462.21358401811233,288.8545118649267,198.70635900294295
467.8142399817369,294.5369054973819,201.7981657187866
471.968466831635,295.834421615532,202.02370552619854
472.72529638267054,295.8104084728164,201.66768393189975
463.23954296174276,297.82864741045586,201.6832174779577
457.21837494017893,298.0209018876451,200.93635730214098
459.3038868776906,297.7686145536669,202.48536736927446
464.11407735218563,296.92764681804204,200.85683282767394
459.47210845600364,298.2731892216232,199.32522518635855
456.6128861666445,292.65082844595696,198.3758099970626
453.2996415447817,296.2789036925135,200.5989759631117
457.26884979124145,295.84642818688974,200.7642504660519
449.04446499275866,296.9156701137772,201.0637323798163
447.5644418287813,301.0002340086731,202.95696825471086
456.76431071983205,299.1260739273271,203.69138945809829
443.07377182225736,296.0506593683439,200.3361435095778
465.84643288363236,296.37504586465457,201.78884559115184
458.6143292028429,298.81375373656,203.72990779808887
460.5149063126027,299.7388272058752,205.82072309749103
459.7243570477867,300.9281647134335,206.98076346286675
457.05019524970913,303.2588433102117,209.52702718692154
449.3471884356042,302.6100404504973,209.16604213923384
448.4221791940988,302.80229492768655,209.50093568377727
452.4081844656839,311.4400374055472,214.66491744375355
472.674821531608,312.01668136874315,215.9759487310458
470.8752360118166,315.4645983107471,216.39098566478205
474.12129253317784,312.40113058893576,215.7124852272033
462.0958372908619,313.62657741184614,213.6912553599077
467.2087093203593,318.11957380255734,215.55964969669233
473.6503475120192,318.3238348511043,216.2505769711175
476.56000276459764,316.25750989384784,215.98526885868063
477.4681730931345,318.58809888934735,215.57392114213312
485.5244200889907,319.4050833493496,217.7237639165555
492.3191727988724,315.5847237585108,215.23468305892655
497.2470681127747,312.1128235408842,213.16995926266867
518.3882814569848,320.9427906288412,215.37261609368815
522.0715632857243,320.90677091476783,216.07783908471978
524.4598824417681,331.1663562729034,217.7219193079611
526.7808459459375,332.07939330376786,220.74659197943555
543.5491778987173,328.7636681150713,217.87414805932917
545.247855604227,336.5844560000227,219.00559699149193
532.9701098822846,329.59256954515257,217.09870858588238
543.9696061809701,340.8132779537696,222.92068164840776
543.6837216510932,338.29037474689505,221.68481816133664
557.7778499179522,340.38077258105295,223.33634963245265
562.8402889842303,351.70959986607596,227.323495380378
559.6447073139316,354.424638081768,229.7479906660378
562.0161875570068,359.494368036954,230.70235717313975
553.9599824489936,360.3112927627703,230.1487561543333
546.1897037587008,370.8710424048505,231.3516593983627
517.5641381419181,370.7864587976733,232.00346155365438
513.897653338304,372.6591553914658,233.0522671665556
518.6741659868619,367.3913767430622,230.944680491644
546.0887540565758,364.85416719867425,230.73776880391875
555.1709181082193,364.866203637125,234.50436246898673
546.4588331512957,369.7352864620084,236.5783821217137
541.5476929746757,371.8134089209721,236.02291222314716
548.2584186710873,372.94913499672134,235.0716281540911
558.8710388499273,376.48919192041376,235.73025050694883
546.7951925322353,377.2624509563667,236.7113638386693
537.511212852028,376.2233747933384,235.56870162794596
526.8481178221253,382.4577421702296,236.90769329814256
518.4723503582982,380.30710240963225,235.39598801271399
510.3657122870658,381.2978237492072,236.14904947137097
516.1345898290033,376.77911179148344,233.90166088193772
512.4344271994521,375.0514199338653,235.61530226611987
496.4061277725825,380.3916561497166,236.33979656272965
512.2157726579198,387.59258238800254,237.84965723956387
503.4868487880276,388.0034042512521,238.52194425871946
488.7200017592894,385.0795353217948,238.62075217434753
484.7843456752373,382.8322755155695,235.5966620108503
467.89830888305016,376.6220706168585,231.5827937094721
493.900187552818,379.42512715541477,234.83117371534692
492.302375773747,374.10899368355786,232.61111445850938
515.7981885602206,379.67884810985356,233.80285296630962
505.1518905554433,374.16941481255486,228.72401445566356
504.4286550546584,374.3869069832698,228.17412692521165
505.55552181257076,378.21688377803196,230.92293352716285
510.92076809738086,388.7766632872051,233.81838651236757
502.96542891580646,386.1668767069977,233.74195661152925
499.08033145850334,387.6288410388193,233.2318495216851
514.1331049049617,391.59175626421205,236.0620616134464
519.061000218864,393.694041201356,238.6934443156657
523.181591130668,392.00254826036877,238.4107337774107
522.2565818891627,391.4226189169505,238.0118371688753
523.9384625695469,391.30177665895644,237.66573034577127
530.3296259101443,388.8007958982924,238.1075141041261
534.3156311817294,386.55353609206713,238.82950847066718
518.6573689617366,387.24221152084283,238.37532214663167
510.1975325965959,387.60467856063906,237.56383999209731
507.5401259358006,372.1275510044079,233.48349296782413
505.28647619566226,372.13967704413744,231.3585038670945
511.4084682558216,371.5355254883531,232.32716609080293
508.3811081638359,366.4248178816675,230.21647270667972
501.70406029336147,367.97133595357343,228.7109565685086
511.3243574666651,372.15168361549524,231.67351932691687
518.085516126296,358.7527083853208,229.44600882220465
518.6741659868619,359.0185255123961,230.96766528557663
520.9615773286237,367.3309854811581,234.59569486557444
527.2013580038767,364.04464951190454,236.0434213581768
524.9307855750834,367.68132648122486,237.31406542571838
520.171069951651,362.9693445651523,235.74454622355526
507.405624071268,367.05310204853913,237.65641021813647
494.9597405466992,365.15621310947347,237.76764497061095
487.40807451009556,369.50575785284275,238.63628572040548
479.8228144232411,366.1710969272287,234.19990496625064
486.4494293304961,367.7176149991346,234.2564325112022
487.946291407442,361.16910553880757,229.11422198687285
486.51670120668405,364.04464951190454,231.25658924225482
504.54640178190886,368.5150365132678,235.35186303344307
498.81120206590845,373.3961557766019,234.38070087966594
488.98904737619785,369.0828696840495,234.70008514931712
501.2667093224537,371.23347957755385,236.0620616134464
509.47433898365426,370.0494584125371,235.88124142886534
498.0712114278414,372.3571094806665,238.65987729348106
502.66270547296085,371.95841365714637,240.05418295034343
501.8722399838313,361.277851624165,238.79844137855125
498.1720773542801,359.2480541215618,237.59490708421325
492.13419608327723,354.2581887728702,237.50107475755686
492.15099310840264,353.9803053402511,238.79099013067656
484.2966036289533,357.3753575277693,240.10325924742034
482.42974623297397,352.57879200451947,235.74952181252695
480.4787361599948,352.747959218874,233.57856312393204
479.72190660895916,351.11688740688373,234.42171914972522
470.2865861512508,345.5107444626783,231.1783147328221
488.65268799525825,359.39308872482894,239.60494794411395
487.7949087420976,355.8650981066802,238.9941640588816
496.89386981886645,364.11710707935225,243.2926117782749
517.6314100181061,365.6274262346272,245.73696087749002
524.5103154049874,362.4015113943706,244.6806797455484
522.8957066007911,364.11710707935225,245.29457033999228
516.6054929623187,365.0716295022963,246.52980277675485
512.8716943946736,366.32813810185365,247.24000135675817
517.6482489310746,367.524255439507,246.38254961435848
523.181591130668,363.42846151766946,244.11899642855866
523.0807252042295,355.4543061105235,242.87694379423002
526.8481178221253,354.5481385110328,242.67624552492796
523.8207158422964,361.1328767550837,242.5861509577918
525.2166701049605,363.7184112558321,242.72471504286196
549.8057555990956,367.5726102629603,242.88687070100772
541.2954024950494,366.38855923085066,242.50724539805043
557.9603552507982,367.5001228284197,245.20076228450165
547.1392173884815,367.31885944142863,245.53254911983348
550.8085086775903,368.27338186437265,245.88236943129198
539.5966410138533,370.66561653967926,247.48419355502253
533.1413473853084,376.45290340250403,250.93014084982207
552.9489774653875,378.9901428139849,254.17665197593684
554.7836649977852,376.0904662298007,252.5854100804583
541.2954443828926,383.09806277555197,256.5619978712974
529.3531365093395,386.2756526594481,257.55798942760157
533.7699163604491,382.21605765424147,256.01395494943984
531.0009204853545,382.34941422417313,256.150043375607
557.3657992043404,384.5068039477726,259.03183169451387
620.8147813821104,382.83424674370286,258.0488494830333
615.6335483925017,386.45820033143514,258.0848921641209
609.6538912235544,380.25259496503537,253.8231181761238
628.1364831595163,384.78561326027244,256.5091838147003
645.0052202724595,388.2399217601633,257.92334328511805
687.8991256959927,392.56688698127766,259.8265182023731
670.469761689588,403.80249906926673,262.27460506110845
652.4798126775652,415.5471360220586,268.4581942216301
629.6993604773538,417.7287778251171,269.35105759480876
673.8673265398232,412.4806517238614,267.6840168488005
666.0359753741369,416.7833947326097,270.6210948832075
671.8627419153845,415.7773814414546,270.7851194211133
666.2738145478575,419.7650266197933,272.1831385663302
641.6247037744088,417.02579605882806,268.2090507055598
640.4695208344896,413.92299337562815,267.9543005502091
662.6724234525846,420.4437563066233,273.84957253319556
740.5269700114459,421.0740117016283,274.8101767298864
739.4567356175472,420.6498093807461,275.99446398981195
719.4791665575838,420.2983035640552,275.94536342156937
694.9489753709954,421.81334172001306,275.77138770572014
714.1961042211426,422.1890697490701,273.548221739671
711.070265809781,422.4557530218404,274.713868744327
721.5516932637017,423.6799155597549,276.34612890986483
716.1326629882159,428.17652586871054,278.0411543099432
725.0681777007972,427.76444958755786,280.57188448794
723.8280462148574,424.37074141922153,280.17670136775905
723.3184387144202,430.455205856698,279.9499115953128
737.8939001875528,429.6552157725729,280.2866740196163
736.6198395486166,433.7640616140207,282.44957468119367
731.6423909162023,439.20608488257676,285.68179009070195
709.5413595327831,436.1396005843796,284.3018044216118
715.3682098497169,441.5816835871215,288.521322310098
721.4327317889984,440.1999422669094,285.66128095567234
719.1055269961913,439.12126233865615,285.99496094193
746.5236336447346,444.29666206862765,288.10876103526476
762.1013036544001,442.7573718332108,287.7645230919208
788.194330270983,442.2846952205036,286.35657703992626
808.0869507849258,441.6301877460395,285.9340645871496
816.8695748698074,445.1450667103921,289.00907565631815
767.8601281139685,447.41159079155716,288.55612716173414
780.9066833101031,452.1870104130127,291.1558117215289
773.8737982115986,449.36295730812674,291.5043942035359
781.4162908105402,451.5931032701032,291.39379050137006
756.0537044037737,452.3566853679469,290.58480827690437
738.8791860354308,445.06021429937846,286.1303940466228
717.7125048825517,447.49644320257073,284.9492377670746
763.8340361764358,452.2718628240262,285.882488360004
747.8317072123535,451.5325029385486,287.485550313186
738.9301216527687,452.8414880203837,288.1584683826502
759.2474011211281,453.43542503038606,288.91152984130724
765.8895564182125,460.18646324787017,288.9351456855485
778.1377293228516,472.3795546010033,292.26801361927926
799.9499021395263,467.0465760887339,289.3116642792941
849.791660339857,465.41033726966685,289.5024356418185
888.3877054991407,463.2044135200564,288.0385445528496
886.485075885064,463.0105163527561,286.99405920744573
902.5724371708533,461.8469541463963,285.54138139703736
936.2250466264054,464.7316075828368,289.6440821649346
926.3041622902597,468.05258937988896,295.55741189521336
939.6394922774524,457.6048114692027,289.60930158446416
953.6543268571236,461.0470237964569,293.0527732203608
912.7310769050329,462.93778998147195,294.2674965220936
961.0100834510556,460.19858928759965,292.7228309936233
957.6975090346842,460.2106854602362,291.62492481247943
950.4777203797971,458.0411696969072,288.9736640255391
949.9851193437014,463.0832427240402,290.24367704277205
934.2714813949909,459.8471133380015,287.3420106391441
881.5247174926775,457.5563670444705,283.68230718788755
866.7454297745072,445.8723005561402,279.25090202270434
854.5652827272337,448.18726906203744,280.4836588005639
801.342924253166,450.97497391482773,280.53025943873774
830.6466540514446,461.27729908294583,284.0433165067409
810.4822652107849,453.68992252924096,280.86391515382974
829.593342346201,448.9629771996106,278.04984338726933
852.1699683013746,448.18726906203744,282.5309801710037
890.6470519859549,450.49017126239096,283.4207368349708
874.9505042772723,438.49100694365114,281.322470287694
895.1828351996113,437.20621420708915,281.607656484852
908.4671457937798,442.9876471196997,284.82744505751384
901.3663186135961,434.1397597759848,279.93872258791794
845.1880188202078,438.6606818985854,280.1288629001337
796.416495013776,435.0245425369377,277.668349204552
766.6880224853943,436.5396105599886,275.2743142318653
734.5303063781571,431.24301016690777,271.02062254205146
733.0693421828383,428.6250101361446,270.308555082288
710.951388110764,423.6677596529324,267.7256418980027
695.1358789273779,430.81877797893264,270.5179424289163
690.4642534382066,431.48541149312615,270.1606708695831
676.7721646904331,435.19424735896496,272.9188218703348
681.1550153885464,436.06690408018835,275.59059179230485
689.5639161363491,427.0251195691731,272.9150841108146
700.0453017024266,424.0798658011781,271.26044593048704
725.8665599922927,420.39525214770526,270.01776224584984
753.3866216511979,431.70359060697854,276.3753271222207
764.0209397328184,438.4061545326375,278.98496285995884
754.1340683253554,436.34571339268825,278.92904209415013
749.8702209897888,436.3820317776908,278.6457247767523
743.9244929738379,439.5939090842704,279.14901166903036
752.5882393597025,437.5092158648622,278.79297793914867
763.2224736656366,437.94557409256674,277.23154103516885
786.7843854686882,438.7455044425061,277.01220251059726
784.8987623189529,439.727295521295,277.15076659566745
774.3493927833529,437.6546686074303,276.2398940175278
771.3765287753776,439.5939090842704,275.3457685437319
774.6722642787804,438.70915619041045,276.56609848474505
757.2258100323479,433.6792092030071,274.3168410155517
744.213267764896,436.58811471890664,277.299281858681
766.5181253933531,441.9816935627305,282.06310490950466
750.8894359906632,438.47885103682864,279.6268138373071
742.9732200546428,439.87268852967736,280.49919234662184
735.0739268072772,440.939302152387,280.3357745878589
727.4634083509699,446.357103208577,282.2451629235371
720.1417484614071,451.1810269889505,285.9210066999946
708.7769901699704,456.67155441642467,288.81398402629634
742.1747539874609,457.2654615593341,290.94021095647753
746.2857944710141,458.1381182805575,291.53048570668017
747.1861317728716,455.2413388043874,292.69426383157605
794.1740712156167,448.3690999237941,289.0917189755796
754.1171456367005,447.82369693980274,286.7250376066543
789.9780821860428,449.278134764206,288.6574107362652
781.1275160194821,445.4844464873536,285.95518050132216
750.6686032812843,442.72099371402226,284.1781428322909
717.6445628008726,432.64897369948596,278.123166578896
680.9002116383277,423.46173644590255,272.18935198475333
699.0939868953882,429.2673617037862,275.9242475073968
693.8618182884418,425.87368340254284,273.0511482658161
702.304690077084,427.43719585032585,272.26888859480323
707.5198522196891,433.0731760203681,274.15713674514325
738.7942374894102,431.06117930515103,275.6570705151998
730.6910342213207,427.2917431077576,271.93523287971135
705.4983449065953,436.0790301199179,273.8247188595028
734.9379588682323,444.4784630632915,277.6565534180142
708.0974018018056,441.71498042286726,271.8047510928244
771.9541621331804,433.14590239165227,264.59594789247706
758.2281023445673,413.4260646834618,258.43595030503093
819.5706705510659,420.6619354204757,263.0003371871697
818.1097063557471,421.5709403937947,266.1785007106294
829.2196190091222,422.74659877279106,266.41397956040186
837.9513074766658,422.32239645190884,
820.6578276336195,421.9345423831222,265.4571131232312
867.4418570556406,427.9099023301261,270.0842409687447
841.416772520737,424.8798260182102,271.7562815748904
859.67853174732,424.8188374144476,273.5028832021143
848.0929407465043,426.72101282896176,274.347277057359
814.5762992299968,422.40453095746585,269.23550257483697
781.348348728861,414.5153772967981,264.064069566986
786.6485013053299,413.0765599619971,262.7288156563096
808.4096547289803,425.87965682112883,266.2710709366686
761.5576832252801,414.6982833739004,258.6217460785836
753.0468274671155,418.0392761232155,261.90801337414047
742.6334258705602,414.96654960259593,260.5808174904816
786.9882954894124,408.8698396570183,258.72674314146917
788.7549571644444,407.0896115829365,258.3011239794809
805.2330482516538,400.858768523011,253.32915141148055
771.1557798416849,399.8223206641605,253.37946553800893
796.9090960498717,393.5061174526416,251.63288818195073
753.4885766615598,401.77326904142905,251.03763784277638
710.1530058192686,388.54340129142327,246.21913185559555
683.7371077072584,386.55586572531564,247.04304084697634
712.242538989728,382.01992045497144,246.30798859328027
723.148541622379,385.90960156850025,250.11246954803025
737.3672862227743,393.6036633781504,253.79763345212248
726.5460645847711,392.45751368696864,253.23781901489286
704.4281942883831,392.99398641017405,251.724851628847
692.1120793020648,403.6754444559433,252.66368458989103
708.3522474398674,408.930798393688,253.80571575030575
699.5866717071705,410.54033603167585,253.3440539072299
716.4214377792741,415.6249995333266,257.28459901698136
716.4214377792741,415.6249995333266,261.47681184403757
773.3300940067921,422.4654896941356,262.77354741472345
787.3619350508047,426.8307445283859,265.1961495494574
792.883004112339,435.1832264016739,268.7415358101937
791.1671942789584,435.2564007793519,270.5465338621292
766.297292683974,430.3668291287186,267.70513276297305
773.7209075838988,428.9523833417484,265.44468628638487
762.1352328073965,422.24599642819436,264.38282278632863
775.1648653148761,423.03857947327293,262.67163278988374
766.6710160210529,414.1739665575174,258.1277793139403
798.9135968986241,417.9051728759606,260.37764356227655
785.6462089931105,431.64714180134115,266.2269702285634
739.2359029081683,416.8565093761019,255.49576556141238
677.4347047064134,406.3701730484431,248.4808161616353
692.6556578433416,411.73528855270484,253.23284342592115
669.1447235454708,402.9194187326108,248.24223060265123
701.2344556831855,411.5401967016873,254.27669772101643
736.653768701613,415.79568996942055,259.8724877902384
742.3616575438434,412.8936538848949,259.4015300906935
748.069546386074,427.13556807882765,262.5386753440938
740.3910020724011,425.52606030793265,265.32602455720144
767.0277328937902,426.13573727590904,266.4071593628358
786.7673790043468,436.2318899015326,270.1463751529766
792.781049101977,439.91429339012865,273.07476411005734
762.5090399201617,435.89047916225195,266.96015360249936
718.8846105111259,449.10813127124953,272.2483794597736
738.7942374894102,440.3044770921637,269.3721977801471
710.5267291563474,446.8401735696238,270.56267418733006
711.817796259625,444.9623697029404,268.76078284460607
709.8132116351862,447.88877733529677,270.6036924573894
681.7495714350042,443.62106842655527,267.603849188442
687.593344440593,434.4028589976036,266.71035476495473
680.798298515809,430.9642904556867,262.39329106145755
690.6851280354286,425.50168876010196,261.85519931754334
710.1870187479515,411.210971736322,262.2398002094723
729.7907806951497,414.5763659005608,265.4341283292986
733.154290728859,416.5760573734908,266.93466887849803
728.6355977552305,424.3554793347344,269.0491000221414
737.3332732940913,423.0873823031202,268.83223715647273
731.7613523909057,421.94117287775265,270.1650154082462
728.4317715101929,416.478541315075,266.632080255522
737.5710286921253,422.3313864468807,269.95625911192656
738.0467908152526,419.1366827187357,267.44727589841085
743.6527246471211,410.5768933534219,266.3599276743533
733.1883036575417,408.7478923165858,267.19937021179203
734.0036924133786,410.5281502577605,267.48703206785297
734.241531587099,406.3823886894514,265.85105841396063
733.4940011372549,414.5275929378064,268.2873252149925
741.0705066648794,409.1137044707902,266.4568667102213
737.9788487335734,408.3820801623814,265.86098532073834
739.7455104086055,406.6506250510541,265.3651496763349
735.6344699250521,406.016576535247,265.5826193211464
736.993479110009,410.45497588008243,268.96893236178283
727.6503119073525,409.5038881728254,269.4685057657064
732.1010627993016,413.2106930763449,271.238092186863
740.1872596030498,411.8450501192219,272.744215104177
748.4092567944699,412.2839769169185,274.1006092001917
762.8487503285578,411.5036095128483,273.83964562641785
795.5330804005735,411.60118530545003,273.2058769472529
815.1708552764544,410.99150833747365,273.88063962531146
801.240969242804,402.43168910506694,268.70301747020306
768.2169287623923,401.8951865147686,268.2755294284547
821.0824865880362,401.79764058925986,266.45436678015255
809.1911143318208,406.06534949800135,268.5812247606423
820.1312136688409,405.4313009821943,268.7452492985481
816.9375169514865,405.2361792640838,269.3156459640297
829.81417505558,407.1627560935216,270.9647017762428
824.9897008265518,407.21152905627605,271.0069336045879
823.8916529047648,411.55238247560266,272.50312961512424
851.2746575407019,408.65034639107705,273.87131949767667
870.1476441753383,406.577450673376,273.9030176401012
857.3483110298021,409.08930305586654,274.7673138512327
858.652279588787,409.62580564616485,275.92859204605986
864.691585046459,408.7966951464331,278.16976721706993
910.0897132881853,411.02319732307217,277.9268371194228
882.2949511535388,409.21262428257376,275.4520277072346
866.3386988169826,408.4541494576211,275.98140610265693
871.074119491356,406.7659120297631,274.344801398456
866.8534166342909,409.0902886699332,276.197637918017
855.5296246535089,411.68379768449387,278.48975826586405
877.4223059048245,422.6695416730321,281.66294620035205
912.0113599830773,416.185754203084,280.7707138774819
874.6085319253433,416.77297111717706,281.8450042143845
860.4366179336517,414.37518116258553,280.7564181608755
891.0795020792077,414.05712648997593,279.99961894269825
885.7607513003558,410.5583160216196,277.20792519092765
855.9071178964763,411.6593365353844,278.57798395324016
863.5592728689298,413.98371317555444,280.1139604043843
855.0492548676292,415.69641175252184,281.62566568981293
770.3609999047052,416.4793477265841,282.8491023400377
775.4738300463595,418.51013084325405,286.71756208761394
825.5387666752887,424.21098233913995,286.7355955637406
823.8916529047648,417.58036824034883,282.9721328790499
806.6314320092238,398.74068389370717,273.53579490282465
806.3226348291133,401.6522774479704,275.3016678356267
799.9401003842163,399.32790080780035,273.0194743945573
787.243727557279,390.2995266215106,267.4721295721036
782.5770029457626,391.08249246266575,269.47348135467814
803.1999798938352,388.26877337193355,265.9610310658179
787.1751152701086,393.52920471547634,268.4774655272082
786.5231728784593,396.90564970409923,270.3271953375576
782.9201481573014,401.21188716272025,275.00963716973695
776.4346533938054,401.60335514975134,275.27742094107685
783.6064385803791,399.47469756955036,275.1444634952869
786.145679635492,397.9822090687545,274.2199019796837
804.1951512727097,399.57257203308137,273.01139209637404
803.2343279252638,401.30973175915835,275.5986498193224
809.205021095765,401.70122961328235,276.683522384477
805.3961595130957,405.34680697629585,277.89887673651845
789.7830523880783,391.5473737641184,273.26614225172466
798.0871497521811,387.97514998134056,271.008802484348
796.2684633758879,390.12826871065107,270.955381648608
802.8911827137248,382.4945384287191,270.64221079738
801.58721415474,382.9593898630788,269.9102652528955
812.9796184226923,386.2624514043731,272.88836155736175
814.5581199060455,387.14329170905927,272.3391050772184
815.964965007943,389.9080586344795,272.4559221978074
814.3179350131056,386.8252071693567,271.7152633048311
822.1759268470705,389.44317733302694,274.04468843438303
824.0975735419628,389.85913633626046,274.9071157657544
819.8425226534691,393.847259388086,276.17402207377575
816.788563781048,395.53549681594393,277.6304376437042
805.2245869073263,391.963302900259,275.8596133930962
819.6709500476996,394.04300831514803,276.6779400163624
823.3425870560282,396.4163072535371,276.3896228388271
821.6955570611908,403.36497602493785,280.5277595086691
837.5831133348902,405.17554906543626,281.92267194467433
824.9210885393813,402.2394943620635,277.935526196749
825.0240488579803,399.1076907316288,277.1072726667051
821.626860998334,398.104544681395,275.63593032986154
823.8573048733365,398.1779579958165,273.11328245004796
791.0183248842063,388.2198212066216,267.2664557138298
770.1208150117653,388.85599028602667,266.87005903536317
766.6550148649484,390.079346412432,266.6084644112807
777.1552918483115,400.3310468580341,270.07865860063015
778.8366698745773,399.1076907316288,270.3626069683366
772.9002409598181,404.8574645257337,270.6546376342264
784.9103233636777,404.46599653870254,271.840793773912
778.0817671643291,399.2055651951598,269.75369196286437
778.1847274829281,405.78722712863896,272.5975687209235
795.4106003470407,408.82115629554266,276.1025677619091
788.204550904725,408.20947823234,275.93915000314615
790.6409154169254,404.7840810784051,273.87816396640847
786.145679635492,404.95533898926476,274.10247807995177
791.2928578085746,405.9095627412795,274.67285047426765
781.6161795983165,410.8274483960102,276.5437204699553
823.5828557246543,413.15182503618024,278.8569810031406
827.5290256573511,413.6167063376329,279.7989206733962
804.709869090018,413.4699095758828,279.370825852505
808.0383608868076,415.69641175252184,277.8311359130063
817.028748673988,414.37518116258553,277.24770563153544
815.8277404336021,412.7603570491491,276.5083088391763
838.3037517893962,419.83136143319035,278.7426395414546
834.2203572823586,416.77297111717706,277.09608365931024
824.8867405079529,413.6656286358519,275.5700826572752
837.6174613663187,417.5069847930203,278.8905237541596
845.0294314458322,413.49437072499234,277.54655649499125
,413.49437072499234,
840.808728588767,412.49122467475854,276.5039643005132
823.685732267567,413.8369164138044,275.5004972251686
804.709869090018,415.40281822902176,278.1107397420497
811.9159185323336,419.8802837314094,277.9833646643744
808.312893811176,423.7950233359064,280.76450045905875
800.7636991573213,425.09179277673314,281.9251718747431
786.9349303771686,429.91180396793294,283.5934747213686
792.802663229071,431.57558024668134,284.1719294138677
789.1653742521711,430.32776297116646,282.258827589835
772.7973644169056,436.5179270505215,282.4328033056842
763.4980956739283,434.8786417879756,281.93449200237785
773.4493068085548,435.4413676858662,280.60977177762203
771.2874752207227,435.7105299273498,279.50999671671804
772.4884834611087,434.7318450262255,280.73404014608576
765.7971518361013,441.6071004832047,284.1066885204243
765.248169763051,442.9283310731411,284.11477081860755
781.7191399169155,448.1398102513719,285.796131552388
763.5667079610988,442.2187785464074,284.4223350305553
760.0666435585398,440.28586989326845,284.6366979661552
758.5568381380435,442.0474907684549,284.6721095969342
757.7675873963668,444.88570087538955,285.30711610555073
755.262610596996,441.7049749467358,285.1604939934629
770.3266518732767,439.4784429030038,281.3522752791927
788.6506564348628,434.5360960991635,279.88777741108095
788.4790838290934,436.8604727393336,280.3680795094263
791.1898974899757,442.16982638109545,283.12620623901233
794.8615344983041,438.8178425415821,283.43998386938324
813.4257239528301,439.6986529791753,282.33028190170165
796.6802208745972,435.83286553999034,280.7408846148175
812.6022089554115,438.671045779832,280.99750364992826
803.3029402124341,427.1714981916222,280.31960999149237
804.1264552098529,426.9268269663411,282.72607180102545
800.5921265515519,433.01914644925813,284.92127738417025
807.5579073252413,429.6182104444328,284.2651306902155
