Close,Close,Close,High,High,High,Low,Low,Low,Open,Open,Open,Volume,Volume,Volume
CL=F,NG=F,ZC=F,CL=F,NG=F,ZC=F,CL=F,NG=F,ZC=F,CL=F,NG=F,ZC=F,CL=F,NG=F,ZC=F
69.23999786376953,3.6559998989105225,447.75,69.94000244140625,3.944000005722046,448.25,68.58999633789062,3.5810000896453857,445.25,69.4000015258789,3.86899995803833,446.0,188843,125622,132878.0
70.0999984741211,3.946000099182129,448.5,70.43000030517578,3.9579999446868896,448.75,69.36000061035156,3.6659998893737793,446.75,69.55999755859375,3.694999933242798,447.25,122602,66852,88153.0
69.62000274658203,3.7149999141693115,453.75,70.75,4.010000228881836,454.25,69.33000183105469,3.6519999504089355,448.5,70.19999694824219,3.9700000286102295,448.5,144877,67209,176165.0
70.5999984741211,3.5139999389648438,454.0,70.75,3.88700008392334,455.0,69.44000244140625,3.369999885559082,452.25,69.68000030517578,3.7070000171661377,453.25,172641,189959,162024.0
70.98999786376953,3.936000108718872,452.25,71.55999755859375,4.201000213623047,458.5,70.12000274658203,3.6480000019073486,449.75,70.41999816894531,3.6570000648498535,453.75,199296,374324,217069.0
71.72000122070312,3.632999897003174,458.5,72.0199966430664,4.01200008392334,459.0,70.87000274658203,3.5769999027252197,452.0,71.1500015258789,3.9149999618530273,452.25,151155,184552,172882.0
73.12999725341797,3.6600000858306885,459.5,73.7300033569336,3.8010001182556152,459.75,71.79000091552734,3.5409998893737793,456.25,71.8499984741211,3.6559998989105225,457.25,306498,156670,163449.0
73.95999908447266,3.3540000915527344,450.75,74.3499984741211,3.680000066757202,459.75,72.69999694824219,3.3299999237060547,449.25,73.12999725341797,3.6689999103546143,459.5,296040,188094,199340.0
73.55999755859375,3.671999931335449,457.75,74.98999786376953,3.7260000705718994,460.25,73.19999694824219,3.502000093460083,451.5,74.05000305175781,3.553999900817871,451.5,306042,228124,227403.0
74.25,3.4489998817443848,458.0,74.52999877929688,3.73799991607666,458.5,73.11000061035156,3.427000045776367,453.0,73.44000244140625,3.7049999237060547,456.0,277328,182148,211629.0
73.31999969482422,3.6510000228881836,454.0,75.29000091552734,3.694000005722046,459.25,73.16000366210938,3.427000045776367,453.5,74.5199966430664,3.447999954223633,457.75,328617,189259,192588.0
73.91999816894531,3.7009999752044678,456.0,74.31999969482422,3.8299999237060547,457.25,72.83999633789062,3.552000045776367,453.5,73.31999969482422,3.681999921798706,454.0,213421,145203,157712.0
76.56999969482422,3.989000082015991,470.5,77.86000061035156,4.01800012588501,472.5,74.0199966430664,3.684999942779541,455.75,74.29000091552734,3.7090001106262207,456.0,478432,229112,467086.0
78.81999969482422,3.934000015258789,476.5,79.2699966430664,4.36899995803833,477.0,76.54000091552734,3.8450000286102295,469.25,76.54000091552734,4.3470001220703125,469.75,460942,195514,376883.0
77.5,3.9679999351501465,474.5,79.08999633789062,4.059000015258789,479.75,77.41000366210938,3.7360000610351562,473.5,78.81999969482422,3.930000066757202,475.5,326729,167416,278017.0
80.04000091552734,4.083000183105469,478.75,80.7699966430664,4.140999794006348,479.5,77.23999786376953,3.8589999675750732,474.0,78.02999877929688,3.9549999237060547,474.25,321422,169338,218140.0
78.68000030517578,4.257999897003174,474.5,80.58999633789062,4.328000068664551,479.0,77.87000274658203,4.01800012588501,473.25,80.4000015258789,4.130000114440918,478.75,159948,193018,209824.0
77.87999725341797,3.947999954223633,484.25,79.44000244140625,4.308000087738037,485.0,77.76000213623047,3.9100000858306885,474.0,78.75,4.28000020980835,474.0,112409,204277,305007.0
75.88999938964844,3.75600004196167,490.0,78.47000122070312,3.9140000343322754,490.5,75.48999786376953,3.7190001010894775,482.5,78.19000244140625,3.815000057220459,484.25,568807,209907,295105.0
75.44000244140625,3.9600000381469727,484.25,76.44999694824219,4.008999824523926,492.25,75.27999877929688,3.7109999656677246,482.5,75.87999725341797,3.7860000133514404,489.5,315333,128783,264538.0
74.62000274658203,3.944999933242798,489.75,76.0,4.047999858856201,494.5,74.13999938964844,3.8610000610351562,480.5,75.38999938964844,4.000999927520752,484.25,350688,120839,250550.0
74.66000366210938,4.0269999504089355,486.5,75.20999908447266,4.050000190734863,489.5,74.01000213623047,3.808000087738037,483.5,74.30000305175781,3.933000087738037,487.0,319679,87568,208959.0
73.16999816894531,3.697000026702881,482.0,75.1500015258789,3.8269999027252197,484.75,72.37999725341797,3.6089999675750732,477.75,74.54000091552734,3.7850000858306885,484.5,334418,66940,216234.0
73.7699966430664,3.4709999561309814,485.25,74.30999755859375,3.7200000286102295,489.25,72.93000030517578,3.3610000610351562,481.0,73.1500015258789,3.6989998817443848,482.25,326075,63816,225855.0
72.62000274658203,3.5350000858306885,497.0,74.08000183105469,3.5880000591278076,497.5,72.33000183105469,3.312999963760376,485.0,73.94999694824219,3.3350000381469727,485.0,312733,167840,277207.0
72.7300033569336,3.046999931335449,490.25,73.83999633789062,3.240000009536743,497.0,72.0199966430664,3.0350000858306885,490.0,73.0,3.174999952316284,496.25,336475,201741,218110.0
72.52999877929688,3.0439999103546143,482.0,73.83999633789062,3.118000030517578,488.75,71.94000244140625,2.990000009536743,479.25,73.19999694824219,3.0810000896453857,488.25,376335,138212,318483.0
73.16000366210938,3.3519999980926514,488.75,75.18000030517578,3.4070000648498535,491.0,72.05000305175781,3.2300000190734863,472.5,74.13999938964844,3.2300000190734863,476.75,517853,273510,322166.0
72.69999694824219,3.253000020980835,494.5,73.3499984741211,3.3499999046325684,497.25,70.66999816894531,3.1679999828338623,487.25,72.3499984741211,3.3269999027252197,488.0,452961,182531,279780.0
71.02999877929688,3.359999895095825,493.25,72.97000122070312,3.375,498.5,70.95999908447266,3.1610000133514404,489.75,72.76000213623047,3.2290000915527344,494.0,289902,170256,226004.0
70.61000061035156,3.4079999923706055,495.25,71.8499984741211,3.434000015258789,496.5,70.43000030517578,3.302999973297119,486.0,71.18000030517578,3.3550000190734863,493.25,299037,177672,299134.0
71.0,3.309000015258789,487.5,71.41000366210938,3.434999942779541,496.5,70.47000122070312,3.2960000038146973,485.5,70.55999755859375,3.380000114440918,495.5,273766,188698,287303.0
72.31999969482422,3.444000005722046,491.5,72.54000091552734,3.486999988555908,492.75,70.83999633789062,3.3519999980926514,482.25,71.0,3.4059998989105225,485.75,255941,203924,250904.0
73.31999969482422,3.5190000534057617,484.0,73.68000030517578,3.5759999752044678,497.0,72.30999755859375,3.430999994277954,483.25,72.48999786376953,3.441999912261963,491.75,266819,219162,311257.0
71.37000274658203,3.565000057220459,490.25,73.22000122070312,3.5829999446868896,492.25,71.16999816894531,3.4690001010894775,481.5,73.19999694824219,3.509999990463257,483.75,318123,194725,271391.0
71.29000091552734,3.628000020980835,493.5,71.5999984741211,3.7860000133514404,494.25,70.22000122070312,3.5829999446868896,485.25,71.23999786376953,3.5910000801086426,489.75,278197,305899,269316.0
70.73999786376953,3.7249999046325684,496.25,72.0199966430664,3.8010001182556152,499.75,70.5199966430664,3.634999990463257,492.5,71.5199966430664,3.6500000953674316,493.0,207719,201102,195600.0
71.8499984741211,4.006999969482422,502.0,72.06999969482422,4.017000198364258,504.25,70.12000274658203,3.553999900817871,493.25,70.69999694824219,3.614000082015991,496.25,130937,300505,238775.0
72.25,4.28000020980835,497.5,73.04000091552734,4.394000053405762,504.5,71.70999908447266,3.947000026702881,496.25,71.77999877929688,4.013000011444092,502.0,69012,338827,210080.0
72.56999969482422,4.1519999504089355,498.0,73.25,4.47599983215332,503.25,71.8499984741211,4.033999919891357,497.5,72.18000030517578,4.38100004196167,497.75,240060,211817,163804.0
70.4000015258789,4.234000205993652,491.25,72.7699966430664,4.443999767303467,499.5,70.16999816894531,4.1479997634887695,490.0,72.58000183105469,4.173999786376953,498.0,268470,164320,209485.0
70.69999694824219,3.99399995803833,482.5,70.94000244140625,4.090000152587891,491.0,69.80000305175781,3.9059998989105225,481.5,69.80000305175781,4.065000057220459,490.0,205468,82872,189315.0
68.93000030517578,4.173999786376953,479.75,71.26000213623047,4.185999870300293,484.5,68.68000030517578,3.934999942779541,474.25,70.91999816894531,3.986999988555908,483.25,267310,91529,116438.0
68.62000274658203,3.9059998989105225,478.25,69.27999877929688,4.211999893188477,485.0,68.36000061035156,3.859999895095825,477.0,69.11000061035156,4.130000114440918,480.25,255601,172826,101750.0
70.3499984741211,3.934000015258789,464.75,70.54000091552734,4.065000057220459,481.25,68.61000061035156,3.878000020980835,463.75,68.81999969482422,3.9660000801086426,478.25,265933,171402,86413.0
69.76000213623047,3.8340001106262207,453.5,70.29000091552734,3.9539999961853027,468.0,69.13999938964844,3.813999891281128,453.0,70.16999816894531,3.938999891281128,465.5,250074,141989,8178.0
68.37000274658203,4.122000217437744,440.25,70.5999984741211,4.172999858856201,456.75,67.88999938964844,3.742000102996826,439.0,69.94999694824219,3.7790000438690186,455.25,332751,269838,3364.0
68.26000213623047,4.349999904632568,436.0,68.55999755859375,4.551000118255615,440.5,66.7699966430664,4.056000232696533,426.5,68.45999908447266,4.168000221252441,440.5,386750,350513,2273.0
66.30999755859375,4.449999809265137,440.25,68.0999984741211,4.51800012588501,442.0,65.22000122070312,4.2270002365112305,433.25,68.08000183105469,4.316999912261963,436.75,382493,224571,1169.0
66.36000061035156,4.302000045776367,449.5,67.08999633789062,4.4710001945495605,452.75,65.58999633789062,4.254000186920166,439.75,66.38999938964844,4.466000080108643,443.5,341632,202475,668.0
67.04000091552734,4.39900016784668,455.25,68.22000122070312,4.426000118255615,456.75,66.12000274658203,4.131999969482422,448.0,66.33999633789062,4.285999774932861,450.25,329710,211901,311.0
66.02999877929688,4.491000175476074,458.75,67.5999984741211,4.901000022888184,459.5,65.80000305175781,4.447000026702881,454.0,67.11000061035156,4.4670000076293945,458.0,249633,221480,479.0
66.25,4.453000068664551,456.5,67.16999816894531,4.5879998207092285,464.0,65.29000091552734,4.334000110626221,456.5,65.94999694824219,4.460999965667725,458.0,222511,192161,76.0
67.68000030517578,4.084000110626221,448.75,67.87999725341797,4.379000186920166,455.0,66.1500015258789,4.0289998054504395,444.0,66.62000274658203,4.3460001945495605,455.0,246675,224052,233.0
66.55000305175781,4.111000061035156,453.5,67.94000244140625,4.195000171661377,459.25,66.37000274658203,3.9549999237060547,450.0,67.69000244140625,4.0320000648498535,450.0,268590,227071,101.0
67.18000030517578,4.104000091552734,445.5,67.4800033569336,4.140999794006348,445.5,66.58999633789062,3.9619998931884766,443.25,66.77999877929688,4.039999961853027,443.25,180495,144405,242039.0
67.58000183105469,4.01800012588501,461.0,68.37000274658203,4.2179999351501465,465.5,67.25,3.9769999980926514,457.25,67.3499984741211,4.124000072479248,460.0,161298,153362,180875.0
66.9000015258789,4.052000045776367,458.75,68.72000122070312,4.127999782562256,462.5,66.55999755859375,3.9700000286102295,455.25,67.4000015258789,4.002999782562256,461.0,110338,171724,177170.0
67.16000366210938,4.247000217437744,462.0,67.62999725341797,4.258999824523926,463.0,66.20999908447266,4.046000003814697,455.75,66.72000122070312,4.052000045776367,458.25,73077,149299,185225.0
68.26000213623047,3.9749999046325684,469.0,68.47000122070312,4.247000217437744,470.25,66.87999725341797,3.9549999237060547,462.0,67.29000091552734,4.209000110626221,462.0,283376,185932,219751.0
68.27999877929688,3.9800000190734863,464.25,68.6500015258789,4.045000076293945,469.75,67.6500015258789,3.864000082015991,461.25,68.3499984741211,3.9609999656677246,467.25,198964,125273,182427.0
69.11000061035156,3.9140000343322754,464.5,69.33000183105469,4.01200008392334,466.25,67.94999694824219,3.861999988555908,459.5,68.3499984741211,3.880000114440918,465.0,247024,78987,125182.0
69.0,3.8399999141693115,457.75,69.68000030517578,3.990000009536743,464.75,68.5199966430664,3.7960000038146973,457.0,69.16000366210938,3.9089999198913574,464.5,258411,50289,148189.0
69.6500015258789,3.8610000610351562,451.25,70.22000122070312,3.930000066757202,461.0,69.05999755859375,3.812999963760376,450.75,69.16000366210938,3.865999937057495,458.75,262413,52751,154487.0
69.91999816894531,3.950000047683716,450.0,69.97000122070312,4.015999794006348,452.75,69.12000274658203,3.688999891281128,447.25,69.95999908447266,3.8589999675750732,451.75,211825,181918,170192.0
69.36000061035156,4.065000057220459,453.25,70.08999633789062,4.099999904632568,454.0,68.87000274658203,3.8359999656677246,442.0,69.91000366210938,3.9149999618530273,450.25,246650,176361,206960.0
71.4800033569336,4.11899995803833,457.25,71.83000183105469,4.252999782562256,459.25,68.80999755859375,4.054999828338623,444.0,69.43000030517578,4.176000118255615,453.0,313087,171857,282804.0
71.19999694824219,3.9509999752044678,461.75,72.0999984741211,4.1479997634887695,465.0,71.02999877929688,3.934000015258789,454.0,71.38999938964844,4.131999969482422,457.75,272832,156694,179571.0
71.70999908447266,4.054999828338623,457.75,72.27999877929688,4.089000225067139,460.75,70.58999633789062,3.934999942779541,454.0,71.19999694824219,3.950000047683716,460.25,286501,141243,159591.0
66.94999694824219,4.138000011444092,457.5,70.41000366210938,4.203000068664551,462.25,65.9800033569336,3.9679999351501465,447.5,70.37999725341797,4.011000156402588,450.0,459238,165412,203152.0
61.9900016784668,3.8369998931884766,460.25,66.9000015258789,4.1529998779296875,462.5,60.45000076293945,3.811000108718872,449.25,66.63999938964844,4.11899995803833,457.75,559638,246548,212888.0
60.70000076293945,3.6549999713897705,464.5,63.900001525878906,3.938999891281128,467.5,58.95000076293945,3.5999999046325684,454.25,61.119998931884766,3.811000108718872,456.0,597617,298843,216782.0
59.58000183105469,3.4649999141693115,469.0,61.75,3.7829999923706055,469.75,57.880001068115234,3.4619998931884766,462.75,61.029998779296875,3.630000114440918,464.5,557655,278152,255177.0
62.349998474121094,3.815999984741211,474.0,62.93000030517578,3.8289999961853027,475.5,55.119998931884766,3.3359999656677246,465.75,58.31999969482422,3.4809999465942383,468.0,592250,359064,257173.0
60.06999969482422,3.556999921798706,483.0,63.34000015258789,3.750999927520752,484.0,58.7599983215332,3.4660000801086426,473.0,62.709999084472656,3.746999979019165,473.25,391826,260676,326270.0
61.5,3.5269999504089355,490.25,61.869998931884766,3.5759999752044678,490.75,59.43000030517578,3.3940000534057617,481.75,60.20000076293945,3.5199999809265137,482.0,306231,181628,284335.0
61.529998779296875,3.325000047683716,485.0,62.68000030517578,3.61299991607666,490.25,60.59000015258789,3.312000036239624,484.25,61.70000076293945,3.5,489.0,238068,160225,201393.0
61.33000183105469,3.3289999961853027,481.25,62.060001373291016,3.378000020980835,488.75,60.880001068115234,3.2160000801086426,479.0,61.58000183105469,3.3450000286102295,485.0,197404,143589,178411.0
62.470001220703125,3.246999979019165,484.25,62.97999954223633,3.318000078201294,487.0,60.439998626708984,3.2039999961853027,479.25,61.540000915527344,3.318000078201294,481.25,213194,150410,136221.0
64.68000030517578,3.244999885559082,482.25,64.86000061035156,3.3340001106262207,486.5,62.61000061035156,3.190999984741211,481.5,62.630001068115234,3.26200008392334,483.25,111479,145610,117566.0
63.08000183105469,3.0160000324249268,481.75,64.41999816894531,3.2249999046325684,487.25,62.45000076293945,2.99399995803833,481.25,64.30000305175781,3.197999954223633,483.25,82671,175116,128840.0
64.30999755859375,3.006999969482422,475.75,65.08999633789062,3.0950000286102295,483.0,63.43000030517578,2.9549999237060547,475.0,63.43000030517578,3.0510001182556152,481.75,297928,133976,152079.0
62.27000045776367,3.0220000743865967,472.0,64.87000274658203,3.0739998817443848,477.0,61.529998779296875,2.9670000076293945,470.25,64.0,3.0460000038146973,476.25,397841,86140,147853.0
62.790000915527344,2.930000066757202,477.25,63.310001373291016,3.0160000324249268,478.5,61.9900016784668,2.8580000400543213,472.25,62.34000015258789,3.010999917984009,472.25,264908,66984,146915.0
63.02000045776367,2.937000036239624,478.75,63.40999984741211,2.9830000400543213,480.75,61.79999923706055,2.868000030517578,476.75,62.86000061035156,2.938999891281128,477.0,283758,58815,129454.0
62.04999923706055,3.1700000762939453,475.5,63.91999816894531,3.187000036239624,478.75,61.47999954223633,2.8589999675750732,469.5,63.4900016784668,2.884000062942505,477.0,276116,229473,176588.0
60.41999816894531,3.385999917984009,460.5,62.06999969482422,3.4570000171661377,477.25,60.119998931884766,3.306999921798706,460.25,61.869998931884766,3.319999933242798,475.5,312373,156565,100359.0
58.209999084472656,3.3259999752044678,467.25,60.43000030517578,3.3989999294281006,470.0,57.90999984741211,3.259999990463257,460.5,60.15999984741211,3.380000114440918,461.0,419549,145962,10991.0
59.2400016784668,3.4790000915527344,464.25,59.5,3.5399999618530273,472.25,56.38999938964844,3.3399999141693115,463.0,58.15999984741211,3.3529999256134033,467.25,364216,159640,3008.0
58.290000915527344,3.630000114440918,461.25,59.869998931884766,3.6730000972747803,468.75,57.7400016784668,3.4179999828338623,460.75,58.9900016784668,3.446000099182129,464.5,322096,140954,2624.0
57.130001068115234,3.549999952316284,446.5,57.70000076293945,3.746999979019165,461.0,55.29999923706055,3.5309998989105225,446.5,56.7599983215332,3.6710000038146973,461.0,308387,161317,1098.0
59.09000015258789,3.4630000591278076,447.5,59.84000015258789,3.6480000019073486,448.75,57.029998779296875,3.4230000972747803,445.5,57.25,3.568000078201294,448.75,343893,200855,466.0
58.06999969482422,3.621000051498413,441.0,60.2599983215332,3.6559998989105225,453.25,57.810001373291016,3.486999988555908,440.5,58.97999954223633,3.486999988555908,449.75,295238,162366,617.0
59.90999984741211,3.5920000076293945,439.0,60.290000915527344,3.7230000495910645,440.5,57.7400016784668,3.5269999504089355,434.0,57.93000030517578,3.631999969482422,440.5,281000,158746,438.0
61.02000045776367,3.7950000762939453,441.5,61.45000076293945,3.815000057220459,444.0,59.88999938964844,3.61299991607666,439.5,60.25,3.621000051498413,440.75,239640,174974,240.0
61.95000076293945,3.6459999084472656,440.25,63.61000061035156,3.8399999141693115,447.5,61.02000045776367,3.6080000400543213,438.5,61.38999938964844,3.7750000953674316,444.0,325865,163731,205.0
63.66999816894531,3.6470000743865967,436.0,63.900001525878906,3.7279999256134033,436.0,61.650001525878906,3.569999933242798,430.75,62.0,3.677000045776367,433.5,258795,130015,66.0
63.150001525878906,3.492000102996826,438.5,63.68000030517578,3.634999990463257,440.25,62.75,3.4539999961853027,436.75,63.619998931884766,3.621999979019165,440.25,225626,119947,177064.0
61.619998931884766,3.361999988555908,448.5,62.90999984741211,3.499000072479248,450.5,60.470001220703125,3.3350000381469727,443.5,62.880001068115234,3.4670000076293945,444.75,258404,152653,191182.0
62.4900016784668,3.3340001106262207,443.5,62.709999084472656,3.4489998817443848,451.5,61.25,3.305000066757202,442.75,61.70000076293945,3.371999979019165,449.0,121556,141334,173410.0
62.689998626708984,3.11299991607666,447.5,63.400001525878906,3.2699999809265137,449.75,61.56999969482422,3.0980000495910645,443.0,62.75,3.2690000534057617,443.5,95570,182905,179623.0
62.560001373291016,3.427000045776367,454.5,63.16999816894531,3.453000068664551,455.5,62.189998626708984,3.1070001125335693,444.75,62.68000030517578,3.1070001125335693,446.75,250414,230771,194894.0
61.56999969482422,3.368000030517578,461.0,64.19000244140625,3.513000011444092,462.0,61.279998779296875,3.3359999656677246,453.5,62.27000045776367,3.4149999618530273,454.5,302702,135733,201425.0
61.20000076293945,3.253000020980835,463.0,61.75,3.38100004196167,464.75,60.25,3.23799991607666,456.5,61.33000183105469,3.3559999465942383,459.25,258549,91988,192800.0
61.529998779296875,3.3340001106262207,459.5,61.880001068115234,3.3499999046325684,464.5,60.02000045776367,3.2170000076293945,455.0,60.810001373291016,3.2829999923706055,462.75,273392,60597,167356.0
60.88999938964844,3.3980000019073486,459.5,62.13999938964844,3.444999933242798,463.0,60.2599983215332,3.2139999866485596,456.0,61.70000076293945,3.375999927520752,459.0,291317,55895,153148.0
61.84000015258789,3.2039999961853027,451.0,62.540000915527344,3.510999917984009,463.0,60.849998474121094,3.1519999504089355,450.0,61.040000915527344,3.4049999713897705,459.5,260374,204259,196402.0
60.939998626708984,3.5220000743865967,447.0,63.06999969482422,3.5759999752044678,453.0,60.54999923706055,3.437000036239624,443.5,61.83000183105469,3.5350000858306885,452.25,299859,180662,157586.0
60.790000915527344,3.447000026702881,444.0,61.720001220703125,3.563999891281128,449.5,59.7400016784668,3.440000057220459,443.0,60.939998626708984,3.5350000858306885,447.0,384927,131545,140113.0
62.52000045776367,3.694000005722046,438.25,63.880001068115234,3.75,451.0,61.060001373291016,3.500999927520752,437.75,61.11000061035156,3.500999927520752,444.0,403580,199977,211154.0
63.40999984741211,3.7219998836517334,438.5,63.88999938964844,3.7639999389648438,442.5,62.400001525878906,3.630000114440918,434.25,63.02000045776367,3.747999906539917,438.25,291260,139410,209493.0
62.849998474121094,3.7160000801086426,438.75,63.959999084472656,3.740000009536743,446.0,62.16999816894531,3.6610000133514404,437.5,63.36000061035156,3.7290000915527344,438.5,321128,126093,220751.0
63.369998931884766,3.677000045776367,439.5,63.97999954223633,3.7909998893737793,442.75,62.5,3.619999885559082,433.25,62.7599983215332,3.703000068664551,438.5,232423,208764,0.0
64.58000183105469,3.7839999198913574,442.5,64.80000305175781,3.816999912261963,445.0,62.81999969482422,3.6489999294281006,435.0,63.33000183105469,3.6530001163482666,438.25,310133,180631,229798.0
65.29000091552734,3.634999990463257,433.5,65.43000030517578,3.7690000534057617,445.75,64.19999694824219,3.5810000896453857,432.75,64.80000305175781,3.7190001010894775,442.25,235900,215678,228598.0
64.9800033569336,3.5329999923706055,438.75,66.27999877929688,3.6619999408721924,439.5,64.56999969482422,3.515000104904175,429.25,65.45999908447266,3.611999988555908,433.5,279021,179312,245097.0
68.1500015258789,3.506999969482422,437.0,68.37000274658203,3.625999927520752,444.75,64.5999984741211,3.453000068664551,436.0,64.76000213623047,3.5260000228881836,439.0,378473,211742,201677.0
68.04000091552734,3.492000102996826,438.5,69.29000091552734,3.6440000534057617,441.75,66.72000122070312,3.4660000801086426,435.25,69.02999877929688,3.5190000534057617,436.5,379394,220853,190442.0
72.9800033569336,3.5810000896453857,444.5,77.62000274658203,3.622999906539917,445.25,68.48999786376953,3.499000072479248,435.0,68.9000015258789,3.5409998893737793,438.25,715652,133290,179124.0
71.7699966430664,3.747999906539917,434.75,77.48999786376953,3.759999990463257,446.5,69.37999725341797,3.634000062942505,431.25,76.54000091552734,3.7039999961853027,444.0,367312,171746,177619.0
74.83999633789062,3.8510000705718994,431.5,75.54000091552734,3.88100004196167,437.5,71.0,3.7200000286102295,429.5,71.11000061035156,3.746000051498413,434.75,154264,163883,231168.0
75.13999938964844,3.989000082015991,433.5,76.06999969482422,4.001999855041504,434.5,72.94000244140625,3.813999891281128,430.0,75.61000061035156,3.861999988555908,431.5,0,0,0.0
74.93000030517578,3.8469998836517334,428.75,77.58000183105469,4.1479997634887695,435.0,74.30000305175781,3.818000078201294,428.25,74.5999984741211,3.984999895095825,433.0,678377,194501,189743.0
68.51000213623047,3.697999954223633,419.25,78.4000015258789,3.9489998817443848,430.75,66.5999984741211,3.6659998893737793,417.25,78.0,3.9489998817443848,430.0,728868,102698,197265.0
64.37000274658203,3.5369999408721924,416.25,67.83000183105469,3.684000015258789,422.5,64.0,3.5299999713897705,415.0,67.73999786376953,3.680999994277954,419.0,541475,70983,192057.0
64.91999816894531,3.4059998989105225,410.25,66.02999877929688,3.5869998931884766,417.5,64.51000213623047,3.371999979019165,408.0,65.12000274658203,3.5490000247955322,415.5,278504,74500,144137.0
65.23999786376953,3.260999917984009,409.5,66.41999816894531,3.424999952316284,414.5,64.66000366210938,3.1989998817443848,408.0,64.9800033569336,3.3940000534057617,410.0,233771,230496,159014.0
65.5199966430664,3.739000082015991,417.5,66.08999633789062,3.750999927520752,419.25,64.80000305175781,3.513000011444092,409.25,65.30000305175781,3.5299999713897705,409.5,236284,153056,106238.0
65.11000061035156,3.4560000896453857,420.5,65.81999969482422,3.73799991607666,422.75,64.5,3.4210000038146973,415.0,65.1500015258789,3.734999895095825,417.75,193289,212922,12555.0
65.44999694824219,3.4149999618530273,420.0,65.9800033569336,3.4679999351501465,423.0,64.66999816894531,3.2929999828338623,414.5,64.95999908447266,3.453000068664551,421.25,193162,177010,4103.0
67.44999694824219,3.48799991607666,429.25,67.58000183105469,3.5199999809265137,430.25,65.2300033569336,3.365999937057495,415.5,65.55999755859375,3.4170000553131104,419.75,265200,115605,3639.0
67.0,3.4089999198913574,431.5,67.58000183105469,3.5739998817443848,435.25,66.52999877929688,3.3919999599456787,429.25,67.5,3.5,429.5,0,0,0.0
66.5,3.38700008392334,,67.18000030517578,3.434999942779541,,66.04000091552734,3.365999937057495,,67.12999725341797,3.4030001163482666,,0,0,
67.93000030517578,3.4119999408721924,418.0,68.31999969482422,3.4719998836517334,426.0,65.4000015258789,3.2750000953674316,417.0,65.69999694824219,3.3440001010894775,426.0,332949,163396,709.0
68.33000183105469,3.3399999141693115,411.0,68.91000366210938,3.4690001010894775,420.5,67.33000183105469,3.325000047683716,411.0,67.95999908447266,3.4059998989105225,420.5,219882,130237,573.0
68.37999725341797,3.2139999866485596,412.5,68.94000244140625,3.3589999675750732,415.5,67.69999694824219,3.1489999294281006,409.75,68.18000030517578,3.3480000495910645,415.5,223945,217203,349.0
66.56999969482422,3.3369998931884766,407.25,68.6500015258789,3.3980000019073486,414.0,66.44999694824219,3.190999984741211,407.25,68.29000091552734,3.2079999446868896,412.5,258654,163043,571.0
68.44999694824219,3.313999891281128,403.0,68.7699966430664,3.4179999828338623,409.75,66.5,3.2929999828338623,400.0,66.8499984741211,3.365000009536743,407.25,226297,130290,315.0
66.9800033569336,3.4660000801086426,412.75,69.6500015258789,3.499000072479248,412.75,66.80000305175781,3.382999897003174,398.75,68.68000030517578,3.4040000438690186,411.75,263877,149455,185262.0
66.5199966430664,3.5230000019073486,401.25,67.12999725341797,3.5420000553131104,406.25,66.22000122070312,3.4010000228881836,395.0,66.86000061035156,3.447000026702881,399.5,252724,132955,182568.0
66.37999725341797,3.5510001182556152,405.25,67.01000213623047,3.5980000495910645,407.25,65.41999816894531,3.490999937057495,400.0,66.7300033569336,3.5190000534057617,400.0,248346,116044,163241.0
67.54000091552734,3.5420000553131104,402.0,67.69000244140625,3.628999948501587,407.0,66.29000091552734,3.510999917984009,400.25,66.5999984741211,3.556999921798706,405.0,188802,108569,103691.0
67.33999633789062,3.565000057220459,408.5,68.95999908447266,3.628000020980835,411.0,67.19999694824219,3.49399995803833,402.5,67.5999984741211,3.5190000534057617,403.0,107628,123961,127464.0
67.19999694824219,3.325000047683716,403.75,67.76000213623047,3.4749999046325684,408.75,66.45999908447266,3.2869999408721924,400.25,67.31999969482422,3.4639999866485596,406.5,81194,176972,112066.0
66.20999908447266,3.252000093460083,399.25,67.12999725341797,3.3310000896453857,406.0,65.98999786376953,3.2100000381469727,398.5,67.12000274658203,3.316999912261963,404.5,269991,124612,114958.0
65.25,3.0769999027252197,398.5,65.77999877929688,3.2669999599456787,401.75,64.70999908447266,3.061000108718872,397.25,65.48999786376953,3.253000020980835,399.25,251825,158442,92982.0
66.02999877929688,3.0940001010894775,401.75,66.38999938964844,3.1659998893737793,404.25,65.33000183105469,3.065000057220459,398.25,65.41999816894531,3.069999933242798,398.25,281209,75361,111447.0
65.16000366210938,3.109999895095825,399.5,66.73999786376953,3.1449999809265137,403.0,65.0,3.068000078201294,398.25,66.1500015258789,3.109999895095825,401.5,234283,39115,97166.0
66.70999908447266,2.98799991607666,393.75,67.13999938964844,3.140000104904175,400.0,65.05000305175781,2.9839999675750732,392.0,65.1500015258789,3.0929999351501465,399.0,262038,69852,141670.0
69.20999908447266,3.0810000896453857,389.25,69.76000213623047,3.111999988555908,394.25,66.52999877929688,3.010999917984009,387.75,67.04000091552734,3.0339999198913574,392.0,329112,117204,169994.0
70.0,3.0450000762939453,391.75,70.51000213623047,3.186000108718872,393.5,68.44999694824219,3.0139999389648438,388.25,69.33999633789062,3.1640000343322754,389.0,345336,126252,132091.0
69.26000213623047,3.1059999465942383,394.0,70.41000366210938,3.114000082015991,394.75,68.55999755859375,2.9719998836517334,388.0,70.30000305175781,3.0260000228881836,391.25,247031,168396,124175.0
67.33000183105469,3.0829999446868896,389.5,69.58000183105469,3.13100004196167,396.25,67.05000305175781,3.0510001182556152,388.75,69.3499984741211,3.0999999046325684,394.0,355819,102378,111475.0
66.29000091552734,2.931999921798706,387.0,67.73999786376953,3.078000068664551,392.5,65.45999908447266,2.8949999809265137,386.5,66.8499984741211,3.065000057220459,389.5,277375,167435,133486.0
65.16000366210938,3.009999990463257,381.5,66.38999938964844,3.0409998893737793,386.75,65.02999877929688,2.928999900817871,380.5,66.20999908447266,2.946000099182129,386.25,279030,134125,166267.0
64.3499984741211,3.0769999027252197,379.75,66.75,3.0959999561309814,381.25,63.63999938964844,2.944999933242798,375.0,65.1500015258789,3.015000104904175,381.0,353827,133710,151730.0
63.880001068115234,3.066999912261963,384.5,65.11000061035156,3.1480000019073486,386.0,63.70000076293945,3.0350000858306885,379.75,64.36000061035156,3.0989999771118164,379.75,300518,171662,154983.0
63.880001068115234,2.990000009536743,382.75,64.58000183105469,3.1059999465942383,389.25,62.77000045776367,2.9600000381469727,382.0,63.849998474121094,3.0859999656677246,384.0,322939,164260,174531.0
63.959999084472656,2.9539999961853027,385.0,64.44000244140625,3.0,387.0,63.02000045776367,2.88100004196167,380.5,63.47999954223633,2.8949999809265137,382.5,234807,156872,180486.0
63.16999816894531,2.808000087738037,371.5,64.33999633789062,2.984999895095825,384.75,63.060001373291016,2.7739999294281006,368.75,64.0,2.9779999256134033,384.5,304441,219061,252732.0
62.650001525878906,2.828000068664551,374.0,63.380001068115234,2.8510000705718994,376.0,61.939998626708984,2.7639999389648438,370.75,63.06999969482422,2.7839999198913574,371.5,298939,179251,167774.0
63.959999084472656,2.8410000801086426,375.0,64.0999984741211,2.8519999980926514,376.75,62.58000183105469,2.7739999294281006,369.5,62.790000915527344,2.818000078201294,373.25,251652,138654,112000.0
62.79999923706055,2.9159998893737793,383.75,64.1500015258789,2.9660000801086426,384.25,62.68000030517578,2.8359999656677246,374.5,63.90999984741211,2.8499999046325684,375.5,197390,132775,129521.0
63.41999816894531,2.890000104904175,383.0,63.790000915527344,2.921999931335449,384.75,62.18000030517578,2.7990000247955322,379.25,63.0,2.877000093460083,383.0,95113,143784,104730.0
62.349998474121094,2.7660000324249268,379.5,63.38999938964844,2.9119999408721924,383.0,62.25,2.7249999046325684,377.75,63.27000045776367,2.9049999713897705,383.0,99484,171271,79845.0
63.209999084472656,2.752000093460083,380.0,63.54999923706055,2.7769999504089355,382.25,62.38999938964844,2.7249999046325684,378.25,62.599998474121094,2.756999969482422,379.5,280663,121113,109776.0
63.52000045776367,2.8259999752044678,387.25,63.66999816894531,2.8489999771118164,389.5,62.52000045776367,2.740000009536743,379.25,62.849998474121094,2.765000104904175,379.75,250166,115270,116898.0
63.65999984741211,2.697999954223633,388.25,63.93000030517578,2.819000005722046,389.25,63.310001373291016,2.688999891281128,385.5,63.5,2.812999963760376,387.25,223169,79364,108358.0
64.80000305175781,2.696000099182129,389.25,65.0999984741211,2.7170000076293945,394.0,63.529998779296875,2.621999979019165,388.25,63.880001068115234,2.6389999389648438,389.25,185270,60316,123992.0
63.25,2.7170000076293945,387.5,64.76000213623047,2.742000102996826,392.0,63.130001068115234,2.6540000438690186,386.75,64.75,2.7109999656677246,389.0,199101,70243,170218.0
64.1500015258789,2.867000102996826,382.5,64.2300033569336,2.9059998989105225,387.5,62.95000076293945,2.6760001182556152,381.75,63.310001373291016,2.73799991607666,387.0,193476,162239,108482.0
64.5999984741211,2.944000005722046,385.5,64.69999694824219,2.999000072479248,387.5,63.349998474121094,2.8499999046325684,379.75,63.869998931884766,2.874000072479248,382.5,208931,186265,81216.0
64.01000213623047,2.996999979019165,398.0,64.55000305175781,3.0230000019073486,398.5,63.880001068115234,2.9210000038146973,387.0,64.26000213623047,2.984999895095825,387.0,0,0,0.0
65.58999633789062,3.009000062942505,403.0,66.02999877929688,3.065000057220459,403.75,63.65999984741211,2.86899995803833,393.5,63.95000076293945,2.9719998836517334,396.25,320218,226571,1546.0
63.970001220703125,3.063999891281128,397.75,65.72000122070312,3.13100004196167,404.5,63.720001220703125,2.9639999866485596,396.5,65.62000274658203,2.992000102996826,403.0,298737,187561,1025.0
63.47999954223633,3.0739998817443848,399.75,63.84000015258789,3.130000114440918,400.25,62.720001220703125,3.0220000743865967,394.25,63.81999969482422,3.075000047683716,397.5,251689,165913,863.0
61.869998931884766,3.0480000972747803,399.0,63.4900016784668,3.130000114440918,405.25,61.45000076293945,3.0209999084472656,397.25,63.33000183105469,3.078000068664551,401.25,294540,130911,417.0
62.2599983215332,3.0899999141693115,403.0,63.34000015258789,3.197999954223633,403.75,61.849998474121094,3.055999994277954,394.0,62.0,3.0869998931884766,398.0,237288,200532,549.0
62.630001068115234,3.117000102996826,401.25,63.66999816894531,3.1649999618530273,403.5,62.369998931884766,3.0460000038146973,398.75,62.43000030517578,3.0980000495910645,402.0,268529,181519,146.0
63.66999816894531,3.0290000438690186,397.25,64.08000183105469,3.117000102996826,401.25,62.720001220703125,3.007999897003174,395.5,62.7400016784668,3.1070001125335693,401.0,260684,171976,57.0
62.369998931884766,2.934000015258789,399.0,63.79999923706055,3.062000036239624,399.0,62.209999084472656,2.9110000133514404,396.75,63.79999923706055,3.0290000438690186,398.25,222661,199072,120.0
62.689998626708984,2.940999984741211,399.0,63.97999954223633,3.0,405.25,61.689998626708984,2.8970000743865967,398.5,62.27000045776367,2.9179999828338623,402.5,313265,160049,363844.0
63.29999923706055,3.0429999828338623,423.25,63.66999816894531,3.049999952316284,428.5,62.52000045776367,2.9159998893737793,422.0,62.970001220703125,2.9509999752044678,426.25,205560,152709,192792.0
64.5199966430664,3.1029999256134033,429.5,64.76000213623047,3.138000011444092,431.25,62.88999938964844,2.86899995803833,423.0,63.310001373291016,3.0450000762939453,423.0,234250,166585,178779.0
64.05000305175781,3.0999999046325684,426.75,64.66999816894531,3.1679999828338623,431.25,63.689998626708984,3.068000078201294,425.5,64.58999633789062,3.117000102996826,428.75,165427,132465,146851.0
63.56999969482422,2.938999891281128,423.75,64.55000305175781,3.1070001125335693,428.0,63.33000183105469,2.924999952316284,423.5,63.9900016784668,3.0759999752044678,426.5,82321,180476,113263.0
62.68000030517578,2.888000011444092,424.0,63.650001525878906,2.9489998817443848,429.75,62.599998474121094,2.8570001125335693,422.25,63.59000015258789,2.938999891281128,424.0,87165,142217,162409.0
62.63999938964844,2.805999994277954,421.75,63.18000030517578,2.944999933242798,424.75,61.97999954223633,2.803999900817871,418.25,62.7400016784668,2.9089999198913574,424.0,223779,163184,189769.0
63.40999984741211,2.8529999256134033,426.25,63.88999938964844,2.869999885559082,426.5,61.849998474121094,2.7720000743865967,418.75,62.33000183105469,2.805999994277954,421.75,265948,70892,145931.0
64.98999786376953,2.8580000400543213,424.25,65.05000305175781,2.9140000343322754,427.5,63.25,2.815999984741211,423.5,63.63999938964844,2.86299991607666,425.0,282721,55699,134256.0
64.9800033569336,2.9040000438690186,425.75,65.33999633789062,2.9679999351501465,428.25,64.05999755859375,2.8480000495910645,423.5,64.80000305175781,2.878999948501587,423.75,258353,74214,146851.0
65.72000122070312,2.8350000381469727,422.0,66.41999816894531,2.944000005722046,425.75,64.66000366210938,2.7880001068115234,421.25,65.19999694824219,2.9119999408721924,425.25,284990,168752,131813.0
63.45000076293945,3.2669999599456787,421.5,65.4000015258789,3.2990000247955322,422.75,62.97999954223633,3.132999897003174,418.75,65.06999969482422,3.1489999294281006,421.0,294292,166628,146154.0
62.369998931884766,3.302999973297119,415.5,63.2599983215332,3.3510000705718994,421.5,62.029998779296875,3.244999885559082,414.0,63.13999938964844,3.2790000438690186,421.25,271649,162025,279177.0
61.779998779296875,3.4760000705718994,416.5,62.88999938964844,3.492000102996826,419.5,61.400001525878906,3.318000078201294,410.5,62.459999084472656,3.3310000896453857,415.75,274339,240703,285170.0
60.47999954223633,3.441999912261963,421.75,62.540000915527344,3.5850000381469727,422.5,60.400001525878906,3.4019999504089355,414.75,61.779998779296875,3.4570000171661377,417.25,290507,259354,192896.0
60.880001068115234,3.3239998817443848,419.0,61.380001068115234,3.4509999752044678,423.0,60.54999923706055,3.306999921798706,418.5,60.70000076293945,3.4130001068115234,420.75,240044,217261,179524.0
61.689998626708984,3.3570001125335693,421.75,62.119998931884766,3.484999895095825,422.5,61.040000915527344,3.2960000038146973,417.25,61.13999938964844,3.299999952316284,419.0,224682,165229,141859.0
61.72999954223633,3.497999906539917,419.75,62.11000061035156,3.5239999294281006,424.5,60.720001220703125,3.3550000190734863,419.0,61.72999954223633,3.3980000019073486,421.5,245121,230258,219828.0
62.54999923706055,3.3329999446868896,422.0,62.91999816894531,3.549999952316284,422.75,62.04999923706055,3.315999984741211,418.5,62.04999923706055,3.5239999294281006,419.25,273318,242687,167360.0
61.5099983215332,3.2690000534057617,418.25,62.869998931884766,3.3929998874664307,423.25,61.25,3.234999895095825,418.0,62.310001373291016,3.3359999656677246,422.0,259171,198680,207206.0
58.900001525878906,3.1059999465942383,413.0,61.66999816894531,3.253000020980835,419.25,58.220001220703125,3.0889999866485596,412.25,61.4900016784668,3.239000082015991,418.25,339103,195346,233653.0
59.4900016784668,3.118000030517578,410.75,60.16999816894531,3.138000011444092,415.0,59.0,3.0290000438690186,410.5,59.0,3.0999999046325684,413.0,339103,195346,233653.0
58.70000076293945,3.0280001163482666,413.0,59.81999969482422,3.1059999465942383,413.5,57.68000030517578,3.003999948501587,409.25,59.58000183105469,3.1029999256134033,410.75,259200,150478,192433.0
58.27000045776367,3.0160000324249268,416.75,59.41999816894531,3.0409998893737793,418.5,58.20000076293945,2.9639999866485596,411.25,58.599998474121094,3.0290000438690186,412.75,224919,149150,195171.0
57.459999084472656,2.937999963760376,421.75,59.11000061035156,3.066999912261963,423.5,57.2599983215332,2.921999931335449,416.25,58.77000045776367,3.0360000133514404,416.75,203866,161360,304262.0
57.540000915527344,3.007999897003174,422.5,57.720001220703125,3.0239999294281006,424.75,56.599998474121094,2.8929998874664307,421.0,57.5,2.9260001182556152,421.25,108748,128236,185452.0
57.52000045776367,3.3970000743865967,423.25,57.810001373291016,3.430000066757202,424.0,56.349998474121094,3.135999917984009,419.5,57.72999954223633,3.1600000858306885,422.5,108146,266597,179465.0
57.81999969482422,3.4739999771118164,419.75,58.279998779296875,3.503999948501587,424.5,56.9900016784668,3.3570001125335693,418.5,57.369998931884766,3.4210000038146973,423.25,314207,197775,181051.0
58.5,3.450000047683716,423.0,59.83000183105469,3.572000026702881,424.0,57.34000015258789,3.385999917984009,418.5,57.59000015258789,3.486999988555908,419.75,378637,202361,186819.0
61.790000915527344,3.3440001010894775,428.0,62.20000076293945,3.506999969482422,428.5,59.63999938964844,3.2899999618530273,421.0,59.939998626708984,3.438999891281128,423.0,735186,157089,206571.0
61.5,3.303999900817871,423.25,62.59000015258789,3.3970000743865967,427.5,61.209999084472656,3.200000047683716,423.0,61.790000915527344,3.2850000858306885,427.25,373744,108141,211852.0
61.310001373291016,3.441999912261963,428.75,62.16999816894531,3.4690001010894775,431.75,60.66999816894531,3.260999917984009,426.0,61.81999969482422,3.4100000858306885,427.0,272191,67444,295622.0
60.150001525878906,3.3450000286102295,432.0,61.5,3.434999942779541,436.25,59.7599983215332,3.239000082015991,427.25,61.5,3.4110000133514404,428.0,307568,85022,378016.0
60.47999954223633,3.375999927520752,434.0,61.02000045776367,3.4049999713897705,435.0,59.70000076293945,3.193000078201294,430.0,60.18000030517578,3.2709999084472656,431.25,276875,153684,239879.0
60.56999969482422,3.9560000896453857,430.25,60.790000915527344,4.071000099182129,437.0,59.63999938964844,3.7860000133514404,427.75,60.38999938964844,3.7980000972747803,434.0,247917,201075,301183.0
60.97999954223633,4.124000072479248,431.5,61.380001068115234,4.1570000648498535,432.25,59.9900016784668,4.014999866485596,426.5,60.29999923706055,4.060999870300293,429.25,278598,238492,214312.0
61.04999923706055,4.265999794006348,434.25,61.5,4.297999858856201,435.0,60.5099983215332,4.086999893188477,427.75,61.400001525878906,4.159999847412109,431.0,0,0,0.0
60.560001373291016,4.3429999351501465,431.5,61.029998779296875,4.395999908447266,434.5,59.939998626708984,4.183000087738037,429.25,61.029998779296875,4.25600004196167,434.0,219300,231288,183033.0
59.599998474121094,4.23199987411499,435.25,61.09000015258789,4.35099983215332,436.0,59.52000045776367,4.205999851226807,428.75,60.43000030517578,4.320000171661377,430.5,292518,156270,201307.0
59.43000030517578,4.35699987411499,428.75,60.5099983215332,4.420000076293945,434.75,58.83000183105469,4.191999912261963,428.25,59.68000030517578,4.238999843597412,434.5,277768,193866,228266.0
59.75,4.315000057220459,427.25,60.459999084472656,4.419000148773193,430.5,59.31999969482422,4.26800012588501,426.75,59.650001525878906,4.413000106811523,428.5,259446,178319,186066.0
60.130001068115234,4.3379998207092285,429.75,60.47999954223633,4.508999824523926,431.25,59.40999984741211,4.26200008392334,426.25,59.869998931884766,4.480000019073486,426.75,222879,189080,220392.0
61.040000915527344,4.565000057220459,432.0,61.279998779296875,4.580999851226807,432.75,59.65999984741211,4.276000022888184,428.5,60.06999969482422,4.375,429.0,264427,243691,221848.0
58.4900016784668,4.5329999923706055,435.25,61.060001373291016,4.581999778747559,436.0,58.29999923706055,4.460999965667725,431.0,61.04999923706055,4.526000022888184,431.5,329517,170351,271699.0
58.689998626708984,4.645999908447266,441.5,59.209999084472656,4.688000202178955,442.75,58.119998931884766,4.453999996185303,434.0,58.470001220703125,4.534999847412109,434.75,247349,201019,400924.0
60.09000015258789,4.565999984741211,430.25,60.650001525878906,4.635000228881836,442.75,58.709999084472656,4.375999927520752,429.5,58.709999084472656,4.5970001220703125,441.5,334116,227908,411585.0
59.90999984741211,4.361000061035156,434.75,60.439998626708984,4.540999889373779,437.25,59.31999969482422,4.322999954223633,428.5,59.79999923706055,4.531000137329102,429.75,189638,191623,219642.0
60.7400016784668,4.370999813079834,436.75,60.93000030517578,4.401000022888184,438.5,59.310001373291016,4.235000133514404,433.25,59.7400016784668,4.3420000076293945,434.75,105325,204812,162294.0
59.439998626708984,4.550000190734863,429.75,60.790000915527344,4.6020002365112305,436.25,58.77000045776367,4.349999904632568,428.25,60.619998931884766,4.374000072479248,435.5,79622,152272,198902.0
59.13999938964844,4.473999977111816,426.5,60.33000183105469,4.611999988555908,431.25,58.86000061035156,4.458000183105469,425.75,59.630001068115234,4.565999984741211,429.75,324282,105538,195292.0
58.060001373291016,4.579999923706055,425.5,58.79999923706055,4.675000190734863,427.75,57.380001068115234,4.460999965667725,424.0,58.79999923706055,4.488999843597412,426.25,345014,80707,194578.0
58.84000015258789,4.548999786376953,423.75,59.060001373291016,4.576000213623047,426.5,57.41999816894531,4.443999767303467,422.25,58.04999923706055,4.465000152587891,426.0,238138,78483,227312.0
57.95000076293945,4.423999786376953,423.5,58.959999084472656,4.546999931335449,426.0,57.099998474121094,4.267000198364258,422.25,58.88999938964844,4.500999927520752,423.75,334442,240457,227795.0
58.650001525878906,4.558000087738037,431.75,58.720001220703125,4.644000053405762,433.5,57.65999984741211,4.441999912261963,423.0,58.04999923706055,4.482999801635742,423.0,228285,155159,158325.0
58.54999923706055,4.849999904632568,435.5,59.63999938964844,4.870999813079834,437.0,58.27000045776367,4.5269999504089355,430.75,58.58000183105469,4.618000030517578,432.0,153758,127694,8642.0
59.31999969482422,4.921000003814697,432.75,59.970001220703125,4.952000141143799,436.5,58.83000183105469,4.757999897003174,432.0,58.959999084472656,4.869999885559082,434.5,232770,209469,3265.0
58.63999938964844,4.840000152587891,438.0,59.66999816894531,4.984000205993652,439.25,58.279998779296875,4.804999828338623,430.75,59.52000045776367,4.9019999504089355,433.25,255513,172375,2267.0
58.95000076293945,4.994999885559082,431.5,59.63999938964844,5.039000034332275,438.0,58.369998931884766,4.818999767303467,431.0,58.650001525878906,4.827000141143799,438.0,260974,186366,1340.0
59.66999816894531,5.063000202178955,437.75,60.02000045776367,5.090000152587891,438.25,58.810001373291016,4.870999813079834,431.0,59.09000015258789,5.010000228881836,432.75,264993,209843,1242.0
60.08000183105469,5.289000034332275,436.75,60.5,5.495999813079834,439.0,59.41999816894531,5.0269999504089355,435.5,59.70000076293945,5.077000141143799,435.75,255075,376679,1038.0
58.880001068115234,4.9120001792907715,436.25,60.29999923706055,5.204999923706055,439.75,58.68000030517578,4.849999904632568,432.5,60.150001525878906,5.099999904632568,437.25,263009,301953,1738.0
58.25,4.573999881744385,440.75,59.16999816894531,4.877999782562256,441.75,58.119998931884766,4.551000118255615,434.5,58.869998931884766,4.868000030517578,437.0,260206,249501,1093.0
58.459999084472656,4.59499979019165,434.75,59.04999923706055,4.696000099182129,440.5,57.65999984741211,4.454999923706055,434.0,58.369998931884766,4.578000068664551,440.5,256508,271105,702.0
57.599998474121094,4.230999946594238,435.25,58.939998626708984,4.63100004196167,440.0,57.0099983215332,4.196000099182129,432.5,58.90999984741211,4.625999927520752,436.75,286808,287859,257.0
57.439998626708984,4.11299991607666,431.5,58.189998626708984,4.256999969482422,437.0,57.150001525878906,4.065000057220459,428.25,57.88999938964844,4.230999946594238,433.25,212806,199844,218646.0
56.81999969482422,4.01200008392334,439.75,57.79999923706055,4.2179999351501465,441.25,56.400001525878906,3.993000030517578,436.75,57.5,4.171000003814697,440.25,229310,169239,182672.0
55.27000045776367,3.885999917984009,436.5,56.70000076293945,4.045000076293945,440.0,54.97999954223633,3.8420000076293945,435.5,56.68000030517578,4.0370001792907715,439.75,230933,155859,146742.0
55.939998626708984,4.02400016784668,440.5,56.97999954223633,4.113999843597412,441.5,55.20000076293945,3.9200000762939453,436.0,55.22999954223633,3.936000108718872,436.0,125608,153559,164256.0
56.150001525878906,3.9079999923706055,444.5,57.029998779296875,4.2179999351501465,446.0,55.880001068115234,3.877000093460083,440.5,56.900001525878906,4.117000102996826,440.5,85735,158058,178974.0
56.65999984741211,3.9839999675750732,443.75,56.900001525878906,4.03000020980835,444.75,55.81999969482422,3.8399999141693115,442.5,56.029998779296875,3.941999912261963,444.0,209264,145508,129516.0
58.0099983215332,3.9649999141693115,447.0,58.130001068115234,4.139999866485596,447.75,56.599998474121094,3.796999931335449,443.0,56.630001068115234,4.080999851226807,443.25,209264,145508,129516.0
58.20000076293945,3.694999933242798,448.0,58.22999954223633,3.7239999771118164,449.0,57.7599983215332,3.563999891281128,446.25,57.95000076293945,3.990000009536743,446.5,57182,37490,20678.0
